"Step","simple_3by3_oldarrival_run_arrival_change_201_007_simple_linear_2025-06-17_13-11-15 - reward","simple_3by3_oldarrival_run_arrival_change_201_007_simple_linear_2025-06-17_13-11-15 - reward__MIN","simple_3by3_oldarrival_run_arrival_change_201_007_simple_linear_2025-06-17_13-11-15 - reward__MAX"
"0","-151.44499999999996","-151.44499999999996","-151.44499999999996"
"1","-145.58833333333328","-145.58833333333328","-145.58833333333328"
"2","-136.29699999999997","-136.29699999999997","-136.29699999999997"
"3","-122.11399999999999","-122.11399999999999","-122.11399999999999"
"4","-117.82000000000002","-117.82000000000002","-117.82000000000002"
"5","-106.39099999999999","-106.39099999999999","-106.39099999999999"
"6","-97.92400000000002","-97.92400000000002","-97.92400000000002"
"7","-93.954","-93.954","-93.954"
"8","-91.58900000000001","-91.58900000000001","-91.58900000000001"
"9","-90.30000000000001","-90.30000000000001","-90.30000000000001"
"10","-89.44299999999997","-89.44299999999997","-89.44299999999997"
"11","-88.383","-88.383","-88.383"
"12","-87.87700000000001","-87.87700000000001","-87.87700000000001"
"13","-86.837","-86.837","-86.837"
"14","-85.82900000000001","-85.82900000000001","-85.82900000000001"
"15","-85.236","-85.236","-85.236"
"16","-84.70600000000002","-84.70600000000002","-84.70600000000002"
"17","-84.71700000000001","-84.71700000000001","-84.71700000000001"
"18","-87.426","-87.426","-87.426"
"19","-89.40600000000002","-89.40600000000002","-89.40600000000002"
"20","-89.45200000000001","-89.45200000000001","-89.45200000000001"
"21","-88.139","-88.139","-88.139"
"22","-85.884","-85.884","-85.884"
"23","-81.22800000000001","-81.22800000000001","-81.22800000000001"
"24","-77.01299999999999","-77.01299999999999","-77.01299999999999"
"25","-73.617","-73.617","-73.617"
"26","-71.428","-71.428","-71.428"
"27","-68.315","-68.315","-68.315"
"28","-65.59","-65.59","-65.59"
"29","-62.641000000000005","-62.641000000000005","-62.641000000000005"
"30","-59.659000000000006","-59.659000000000006","-59.659000000000006"
"31","-57.38900000000002","-57.38900000000002","-57.38900000000002"
"32","-54.116000000000014","-54.116000000000014","-54.116000000000014"
"33","-50.647000000000006","-50.647000000000006","-50.647000000000006"
"34","-47.26700000000002","-47.26700000000002","-47.26700000000002"
"35","-44.411000000000016","-44.411000000000016","-44.411000000000016"
"36","-41.264000000000024","-41.264000000000024","-41.264000000000024"
"37","-38.17300000000003","-38.17300000000003","-38.17300000000003"
"38","-34.43200000000002","-34.43200000000002","-34.43200000000002"
"39","-31.40800000000003","-31.40800000000003","-31.40800000000003"
"40","-26.99500000000002","-26.99500000000002","-26.99500000000002"
"41","-21.147000000000016","-21.147000000000016","-21.147000000000016"
"42","-16.26600000000001","-16.26600000000001","-16.26600000000001"
"43","-12.082000000000003","-12.082000000000003","-12.082000000000003"
"44","-9.525","-9.525","-9.525"
"45","-6.476999999999995","-6.476999999999995","-6.476999999999995"
"46","-4.301999999999996","-4.301999999999996","-4.301999999999996"
"47","-1.4909999999999968","-1.4909999999999968","-1.4909999999999968"
"48","2.3359999999999994","2.3359999999999994","2.3359999999999994"
"49","7.758999999999994","7.758999999999994","7.758999999999994"
"50","12.453999999999985","12.453999999999985","12.453999999999985"
"51","17.066999999999975","17.066999999999975","17.066999999999975"
"52","22.38299999999996","22.38299999999996","22.38299999999996"
"53","27.101999999999954","27.101999999999954","27.101999999999954"
"54","32.16199999999994","32.16199999999994","32.16199999999994"
"55","36.86399999999993","36.86399999999993","36.86399999999993"
"56","41.99899999999993","41.99899999999993","41.99899999999993"
"57","46.34599999999992","46.34599999999992","46.34599999999992"
"58","51.063999999999936","51.063999999999936","51.063999999999936"
"59","55.29099999999994","55.29099999999994","55.29099999999994"
"60","58.04099999999993","58.04099999999993","58.04099999999993"
"61","61.58899999999997","61.58899999999997","61.58899999999997"
"62","64.56699999999996","64.56699999999996","64.56699999999996"
"63","68.62100000000001","68.62100000000001","68.62100000000001"
"64","71.30900000000003","71.30900000000003","71.30900000000003"
"65","75.66400000000004","75.66400000000004","75.66400000000004"
"66","79.32200000000007","79.32200000000007","79.32200000000007"
"67","83.45900000000012","83.45900000000012","83.45900000000012"
"68","86.78700000000015","86.78700000000015","86.78700000000015"
"69","90.16900000000015","90.16900000000015","90.16900000000015"
"70","91.23100000000018","91.23100000000018","91.23100000000018"
"71","93.00000000000018","93.00000000000018","93.00000000000018"
"72","94.57500000000022","94.57500000000022","94.57500000000022"
"73","96.59900000000022","96.59900000000022","96.59900000000022"
"74","99.56000000000026","99.56000000000026","99.56000000000026"
"75","102.90700000000028","102.90700000000028","102.90700000000028"
"76","104.51100000000028","104.51100000000028","104.51100000000028"
"77","105.10500000000029","105.10500000000029","105.10500000000029"
"78","105.87700000000028","105.87700000000028","105.87700000000028"
"79","106.79400000000031","106.79400000000031","106.79400000000031"
"80","108.0700000000003","108.0700000000003","108.0700000000003"
"81","110.1100000000003","110.1100000000003","110.1100000000003"
"82","111.78600000000033","111.78600000000033","111.78600000000033"
"83","113.19700000000033","113.19700000000033","113.19700000000033"
"84","113.75700000000035","113.75700000000035","113.75700000000035"
"85","114.56400000000035","114.56400000000035","114.56400000000035"
"86","115.60300000000035","115.60300000000035","115.60300000000035"
"87","116.07500000000036","116.07500000000036","116.07500000000036"
"88","117.27400000000038","117.27400000000038","117.27400000000038"
"89","117.42600000000033","117.42600000000033","117.42600000000033"
"90","116.09500000000033","116.09500000000033","116.09500000000033"
"91","115.68100000000032","115.68100000000032","115.68100000000032"
"92","117.06800000000034","117.06800000000034","117.06800000000034"
"93","118.64800000000034","118.64800000000034","118.64800000000034"
"94","120.44700000000036","120.44700000000036","120.44700000000036"
"95","122.85200000000037","122.85200000000037","122.85200000000037"
"96","124.8340000000004","124.8340000000004","124.8340000000004"
"97","124.61700000000037","124.61700000000037","124.61700000000037"
"98","124.13300000000038","124.13300000000038","124.13300000000038"
"99","124.40200000000037","124.40200000000037","124.40200000000037"
"100","123.79100000000038","123.79100000000038","123.79100000000038"
"101","123.90400000000038","123.90400000000038","123.90400000000038"
"102","121.97800000000039","121.97800000000039","121.97800000000039"
"103","122.45100000000035","122.45100000000035","122.45100000000035"
"104","122.25500000000036","122.25500000000036","122.25500000000036"
"105","123.37000000000039","123.37000000000039","123.37000000000039"
"106","124.7940000000004","124.7940000000004","124.7940000000004"
"107","128.0310000000004","128.0310000000004","128.0310000000004"
"108","127.6170000000004","127.6170000000004","127.6170000000004"
"109","128.1660000000004","128.1660000000004","128.1660000000004"
"110","128.2060000000004","128.2060000000004","128.2060000000004"
"111","127.32600000000036","127.32600000000036","127.32600000000036"
"112","127.29700000000041","127.29700000000041","127.29700000000041"
"113","128.9150000000004","128.9150000000004","128.9150000000004"
"114","128.1050000000004","128.1050000000004","128.1050000000004"
"115","128.8910000000004","128.8910000000004","128.8910000000004"
"116","128.80900000000042","128.80900000000042","128.80900000000042"
"117","129.30400000000043","129.30400000000043","129.30400000000043"
"118","129.86800000000042","129.86800000000042","129.86800000000042"
"119","131.04700000000042","131.04700000000042","131.04700000000042"
"120","130.25400000000042","130.25400000000042","130.25400000000042"
"121","130.0620000000004","130.0620000000004","130.0620000000004"
"122","128.1020000000004","128.1020000000004","128.1020000000004"
"123","127.5300000000004","127.5300000000004","127.5300000000004"
"124","126.5400000000004","126.5400000000004","126.5400000000004"
"125","125.36800000000044","125.36800000000044","125.36800000000044"
"126","125.5700000000004","125.5700000000004","125.5700000000004"
"127","126.21800000000037","126.21800000000037","126.21800000000037"
"128","126.55200000000039","126.55200000000039","126.55200000000039"
"129","127.2870000000004","127.2870000000004","127.2870000000004"
"130","128.62800000000038","128.62800000000038","128.62800000000038"
"131","129.2260000000004","129.2260000000004","129.2260000000004"
"132","126.9880000000004","126.9880000000004","126.9880000000004"
"133","124.90500000000038","124.90500000000038","124.90500000000038"
"134","123.69000000000038","123.69000000000038","123.69000000000038"
"135","123.0170000000004","123.0170000000004","123.0170000000004"
"136","122.8930000000004","122.8930000000004","122.8930000000004"
"137","125.3770000000004","125.3770000000004","125.3770000000004"
"138","127.89800000000041","127.89800000000041","127.89800000000041"
"139","128.44200000000043","128.44200000000043","128.44200000000043"
"140","129.29000000000042","129.29000000000042","129.29000000000042"
"141","129.69800000000043","129.69800000000043","129.69800000000043"
"142","129.23600000000042","129.23600000000042","129.23600000000042"
"143","127.5160000000004","127.5160000000004","127.5160000000004"
"144","127.7260000000004","127.7260000000004","127.7260000000004"
"145","126.77700000000041","126.77700000000041","126.77700000000041"
"146","125.00100000000037","125.00100000000037","125.00100000000037"
"147","126.48700000000039","126.48700000000039","126.48700000000039"
"148","126.8740000000004","126.8740000000004","126.8740000000004"
"149","125.4990000000004","125.4990000000004","125.4990000000004"
"150","126.11900000000038","126.11900000000038","126.11900000000038"
"151","126.59100000000039","126.59100000000039","126.59100000000039"
"152","125.03800000000041","125.03800000000041","125.03800000000041"
"153","125.33600000000041","125.33600000000041","125.33600000000041"
"154","126.5960000000004","126.5960000000004","126.5960000000004"
"155","126.7100000000004","126.7100000000004","126.7100000000004"
"156","128.4360000000004","128.4360000000004","128.4360000000004"
"157","129.99700000000038","129.99700000000038","129.99700000000038"
"158","130.8700000000004","130.8700000000004","130.8700000000004"
"159","128.9330000000004","128.9330000000004","128.9330000000004"
"160","127.21300000000043","127.21300000000043","127.21300000000043"
"161","126.79800000000037","126.79800000000037","126.79800000000037"
"162","126.7580000000004","126.7580000000004","126.7580000000004"
"163","127.4560000000004","127.4560000000004","127.4560000000004"
"164","129.1340000000004","129.1340000000004","129.1340000000004"
"165","130.0720000000004","130.0720000000004","130.0720000000004"
"166","130.7420000000004","130.7420000000004","130.7420000000004"
"167","131.3330000000004","131.3330000000004","131.3330000000004"
"168","130.6370000000004","130.6370000000004","130.6370000000004"
"169","130.64400000000043","130.64400000000043","130.64400000000043"
"170","125.53000000000037","125.53000000000037","125.53000000000037"
"171","124.8850000000004","124.8850000000004","124.8850000000004"
"172","124.84100000000039","124.84100000000039","124.84100000000039"
"173","124.42600000000039","124.42600000000039","124.42600000000039"
"174","124.0320000000004","124.0320000000004","124.0320000000004"
"175","129.5260000000004","129.5260000000004","129.5260000000004"
"176","128.9290000000004","128.9290000000004","128.9290000000004"
"177","127.71200000000039","127.71200000000039","127.71200000000039"
"178","128.7770000000004","128.7770000000004","128.7770000000004"
"179","129.9610000000004","129.9610000000004","129.9610000000004"
"180","128.56800000000038","128.56800000000038","128.56800000000038"
"181","129.53700000000043","129.53700000000043","129.53700000000043"
"182","130.3160000000004","130.3160000000004","130.3160000000004"
"183","130.4460000000004","130.4460000000004","130.4460000000004"
"184","130.7770000000004","130.7770000000004","130.7770000000004"
"185","131.6500000000004","131.6500000000004","131.6500000000004"
"186","131.3960000000004","131.3960000000004","131.3960000000004"
"187","129.1350000000004","129.1350000000004","129.1350000000004"
"188","127.57300000000038","127.57300000000038","127.57300000000038"
"189","125.41400000000039","125.41400000000039","125.41400000000039"
"190","123.95400000000038","123.95400000000038","123.95400000000038"
"191","123.96500000000039","123.96500000000039","123.96500000000039"
"192","124.6870000000004","124.6870000000004","124.6870000000004"
"193","124.4080000000004","124.4080000000004","124.4080000000004"
"194","125.08400000000042","125.08400000000042","125.08400000000042"
"195","124.81700000000038","124.81700000000038","124.81700000000038"
"196","125.49000000000038","125.49000000000038","125.49000000000038"
"197","124.8770000000004","124.8770000000004","124.8770000000004"
"198","125.31900000000041","125.31900000000041","125.31900000000041"
"199","125.68400000000041","125.68400000000041","125.68400000000041"
"200","125.4620000000004","125.4620000000004","125.4620000000004"
"201","124.4370000000004","124.4370000000004","124.4370000000004"
"202","124.59700000000039","124.59700000000039","124.59700000000039"
"203","124.5080000000004","124.5080000000004","124.5080000000004"
"204","123.04500000000039","123.04500000000039","123.04500000000039"
"205","121.85000000000036","121.85000000000036","121.85000000000036"
"206","120.14200000000037","120.14200000000037","120.14200000000037"
"207","119.96200000000037","119.96200000000037","119.96200000000037"
"208","120.89700000000038","120.89700000000038","120.89700000000038"
"209","123.04500000000036","123.04500000000036","123.04500000000036"
"210","125.58900000000041","125.58900000000041","125.58900000000041"
"211","127.88600000000041","127.88600000000041","127.88600000000041"
"212","128.7270000000004","128.7270000000004","128.7270000000004"
"213","127.7390000000004","127.7390000000004","127.7390000000004"
"214","124.38400000000038","124.38400000000038","124.38400000000038"
"215","122.7740000000004","122.7740000000004","122.7740000000004"
"216","122.07000000000036","122.07000000000036","122.07000000000036"
"217","122.58900000000034","122.58900000000034","122.58900000000034"
"218","123.55200000000039","123.55200000000039","123.55200000000039"
"219","125.26200000000038","125.26200000000038","125.26200000000038"
"220","125.29300000000039","125.29300000000039","125.29300000000039"
"221","125.36900000000041","125.36900000000041","125.36900000000041"
"222","124.90200000000041","124.90200000000041","124.90200000000041"
"223","124.93000000000042","124.93000000000042","124.93000000000042"
"224","125.2720000000004","125.2720000000004","125.2720000000004"
"225","126.68800000000039","126.68800000000039","126.68800000000039"
"226","127.6110000000004","127.6110000000004","127.6110000000004"
"227","128.0260000000004","128.0260000000004","128.0260000000004"
"228","128.83300000000042","128.83300000000042","128.83300000000042"
"229","129.22000000000037","129.22000000000037","129.22000000000037"
"230","129.7980000000004","129.7980000000004","129.7980000000004"
"231","129.94900000000044","129.94900000000044","129.94900000000044"
"232","130.3220000000004","130.3220000000004","130.3220000000004"
"233","129.9120000000004","129.9120000000004","129.9120000000004"
"234","128.78800000000044","128.78800000000044","128.78800000000044"
"235","128.66700000000043","128.66700000000043","128.66700000000043"
"236","128.1760000000004","128.1760000000004","128.1760000000004"
"237","128.2040000000004","128.2040000000004","128.2040000000004"
"238","129.36700000000042","129.36700000000042","129.36700000000042"
"239","129.8720000000004","129.8720000000004","129.8720000000004"
"240","129.4310000000004","129.4310000000004","129.4310000000004"
"241","129.88800000000043","129.88800000000043","129.88800000000043"
"242","130.38600000000042","130.38600000000042","130.38600000000042"
"243","129.99400000000043","129.99400000000043","129.99400000000043"
"244","130.33800000000042","130.33800000000042","130.33800000000042"
"245","130.2430000000004","130.2430000000004","130.2430000000004"
"246","130.48000000000042","130.48000000000042","130.48000000000042"
"247","130.3990000000004","130.3990000000004","130.3990000000004"
"248","130.9540000000004","130.9540000000004","130.9540000000004"
"249","130.91700000000043","130.91700000000043","130.91700000000043"
"250","131.62500000000043","131.62500000000043","131.62500000000043"
"251","128.7610000000004","128.7610000000004","128.7610000000004"
"252","127.29600000000039","127.29600000000039","127.29600000000039"
"253","126.8270000000004","126.8270000000004","126.8270000000004"
"254","127.6680000000004","127.6680000000004","127.6680000000004"
"255","127.33300000000041","127.33300000000041","127.33300000000041"
"256","130.6750000000004","130.6750000000004","130.6750000000004"
"257","131.86400000000043","131.86400000000043","131.86400000000043"
"258","132.5260000000004","132.5260000000004","132.5260000000004"
"259","132.90000000000043","132.90000000000043","132.90000000000043"
"260","132.30000000000044","132.30000000000044","132.30000000000044"
"261","133.06800000000044","133.06800000000044","133.06800000000044"
"262","132.41600000000042","132.41600000000042","132.41600000000042"
"263","133.32000000000042","133.32000000000042","133.32000000000042"
"264","132.56200000000044","132.56200000000044","132.56200000000044"
"265","134.39200000000042","134.39200000000042","134.39200000000042"
"266","133.29700000000042","133.29700000000042","133.29700000000042"
"267","133.97300000000044","133.97300000000044","133.97300000000044"
"268","133.31600000000046","133.31600000000046","133.31600000000046"
"269","133.29800000000043","133.29800000000043","133.29800000000043"
"270","132.29800000000046","132.29800000000046","132.29800000000046"
"271","132.0720000000004","132.0720000000004","132.0720000000004"
"272","131.76900000000046","131.76900000000046","131.76900000000046"
"273","130.88500000000045","130.88500000000045","130.88500000000045"
"274","130.55800000000042","130.55800000000042","130.55800000000042"
"275","131.33200000000042","131.33200000000042","131.33200000000042"
"276","130.96100000000044","130.96100000000044","130.96100000000044"
"277","127.82100000000041","127.82100000000041","127.82100000000041"
"278","127.1570000000004","127.1570000000004","127.1570000000004"
"279","127.44500000000042","127.44500000000042","127.44500000000042"
"280","125.02900000000038","125.02900000000038","125.02900000000038"
"281","126.6000000000004","126.6000000000004","126.6000000000004"
"282","129.31000000000043","129.31000000000043","129.31000000000043"
"283","130.28500000000042","130.28500000000042","130.28500000000042"
"284","130.52300000000042","130.52300000000042","130.52300000000042"
"285","132.58500000000043","132.58500000000043","132.58500000000043"
"286","131.83800000000042","131.83800000000042","131.83800000000042"
"287","129.4360000000004","129.4360000000004","129.4360000000004"
"288","129.7030000000004","129.7030000000004","129.7030000000004"
"289","129.12200000000038","129.12200000000038","129.12200000000038"
"290","129.22100000000043","129.22100000000043","129.22100000000043"
"291","130.3430000000004","130.3430000000004","130.3430000000004"
"292","132.4310000000004","132.4310000000004","132.4310000000004"
"293","132.56600000000043","132.56600000000043","132.56600000000043"
"294","132.68000000000043","132.68000000000043","132.68000000000043"
"295","131.36900000000043","131.36900000000043","131.36900000000043"
"296","131.23700000000042","131.23700000000042","131.23700000000042"
"297","131.10800000000037","131.10800000000037","131.10800000000037"
"298","131.1250000000004","131.1250000000004","131.1250000000004"
"299","131.97800000000043","131.97800000000043","131.97800000000043"
"300","133.73100000000045","133.73100000000045","133.73100000000045"
"301","133.08300000000042","133.08300000000042","133.08300000000042"
"302","132.37500000000043","132.37500000000043","132.37500000000043"
"303","130.1700000000004","130.1700000000004","130.1700000000004"
"304","128.7590000000004","128.7590000000004","128.7590000000004"
"305","127.2560000000004","127.2560000000004","127.2560000000004"
"306","127.08900000000038","127.08900000000038","127.08900000000038"
"307","127.8090000000004","127.8090000000004","127.8090000000004"
"308","130.6390000000004","130.6390000000004","130.6390000000004"
"309","126.67200000000042","126.67200000000042","126.67200000000042"
"310","124.86700000000043","124.86700000000043","124.86700000000043"
"311","125.80400000000043","125.80400000000043","125.80400000000043"
"312","123.89800000000041","123.89800000000041","123.89800000000041"
"313","123.29500000000039","123.29500000000039","123.29500000000039"
"314","126.59300000000039","126.59300000000039","126.59300000000039"
"315","125.94600000000041","125.94600000000041","125.94600000000041"
"316","124.31600000000039","124.31600000000039","124.31600000000039"
"317","125.04900000000039","125.04900000000039","125.04900000000039"
"318","120.51300000000037","120.51300000000037","120.51300000000037"
"319","120.92900000000036","120.92900000000036","120.92900000000036"
"320","123.63200000000037","123.63200000000037","123.63200000000037"
"321","124.9330000000004","124.9330000000004","124.9330000000004"
"322","124.47200000000039","124.47200000000039","124.47200000000039"
"323","128.67700000000042","128.67700000000042","128.67700000000042"
"324","128.56100000000043","128.56100000000043","128.56100000000043"
"325","130.1460000000004","130.1460000000004","130.1460000000004"
"326","131.7640000000004","131.7640000000004","131.7640000000004"
"327","133.2100000000004","133.2100000000004","133.2100000000004"
"328","132.99400000000043","132.99400000000043","132.99400000000043"
"329","134.87300000000045","134.87300000000045","134.87300000000045"
"330","134.5350000000004","134.5350000000004","134.5350000000004"
"331","134.47200000000043","134.47200000000043","134.47200000000043"
"332","135.32200000000046","135.32200000000046","135.32200000000046"
"333","136.6870000000004","136.6870000000004","136.6870000000004"
"334","136.5860000000004","136.5860000000004","136.5860000000004"
"335","136.30300000000042","136.30300000000042","136.30300000000042"
"336","136.13900000000044","136.13900000000044","136.13900000000044"
"337","135.71200000000042","135.71200000000042","135.71200000000042"
"338","136.14700000000042","136.14700000000042","136.14700000000042"
"339","136.11900000000043","136.11900000000043","136.11900000000043"
"340","136.76100000000045","136.76100000000045","136.76100000000045"
"341","137.38800000000043","137.38800000000043","137.38800000000043"
"342","138.26600000000045","138.26600000000045","138.26600000000045"
"343","138.41200000000046","138.41200000000046","138.41200000000046"
"344","138.68700000000044","138.68700000000044","138.68700000000044"
"345","138.41400000000044","138.41400000000044","138.41400000000044"
"346","137.53700000000043","137.53700000000043","137.53700000000043"
"347","137.06900000000044","137.06900000000044","137.06900000000044"
"348","136.54000000000045","136.54000000000045","136.54000000000045"
"349","135.50200000000044","135.50200000000044","135.50200000000044"
"350","134.54500000000044","134.54500000000044","134.54500000000044"
"351","133.9450000000004","133.9450000000004","133.9450000000004"
"352","133.13600000000042","133.13600000000042","133.13600000000042"
"353","132.6800000000004","132.6800000000004","132.6800000000004"
"354","132.75800000000038","132.75800000000038","132.75800000000038"
"355","133.20000000000044","133.20000000000044","133.20000000000044"
"356","134.66700000000043","134.66700000000043","134.66700000000043"
"357","135.28200000000044","135.28200000000044","135.28200000000044"
"358","136.34500000000043","136.34500000000043","136.34500000000043"
"359","136.79200000000046","136.79200000000046","136.79200000000046"
"360","136.50000000000043","136.50000000000043","136.50000000000043"
"361","135.81700000000043","135.81700000000043","135.81700000000043"
"362","135.46500000000043","135.46500000000043","135.46500000000043"
"363","135.79300000000046","135.79300000000046","135.79300000000046"
"364","134.26600000000045","134.26600000000045","134.26600000000045"
"365","135.04000000000042","135.04000000000042","135.04000000000042"
"366","134.54300000000043","134.54300000000043","134.54300000000043"
"367","135.46800000000044","135.46800000000044","135.46800000000044"
"368","135.41100000000043","135.41100000000043","135.41100000000043"
"369","136.48400000000046","136.48400000000046","136.48400000000046"
"370","136.28900000000044","136.28900000000044","136.28900000000044"
"371","136.87700000000044","136.87700000000044","136.87700000000044"
"372","136.16700000000043","136.16700000000043","136.16700000000043"
"373","136.10600000000042","136.10600000000042","136.10600000000042"
"374","136.25600000000043","136.25600000000043","136.25600000000043"
"375","136.77400000000043","136.77400000000043","136.77400000000043"
"376","137.22300000000044","137.22300000000044","137.22300000000044"
"377","137.49400000000043","137.49400000000043","137.49400000000043"
"378","137.72400000000044","137.72400000000044","137.72400000000044"
"379","138.66900000000047","138.66900000000047","138.66900000000047"
"380","138.30400000000046","138.30400000000046","138.30400000000046"
"381","138.40500000000043","138.40500000000043","138.40500000000043"
"382","138.81000000000046","138.81000000000046","138.81000000000046"
"383","138.97600000000043","138.97600000000043","138.97600000000043"
"384","138.14500000000044","138.14500000000044","138.14500000000044"
"385","138.71100000000047","138.71100000000047","138.71100000000047"
"386","138.44300000000047","138.44300000000047","138.44300000000047"
"387","137.20800000000042","137.20800000000042","137.20800000000042"
"388","138.16100000000048","138.16100000000048","138.16100000000048"
"389","136.83900000000042","136.83900000000042","136.83900000000042"
"390","137.08500000000043","137.08500000000043","137.08500000000043"
"391","137.11700000000044","137.11700000000044","137.11700000000044"
"392","138.53000000000043","138.53000000000043","138.53000000000043"
"393","138.1880000000004","138.1880000000004","138.1880000000004"
"394","139.39800000000045","139.39800000000045","139.39800000000045"
"395","138.77800000000047","138.77800000000047","138.77800000000047"
"396","139.3470000000005","139.3470000000005","139.3470000000005"
"397","138.61800000000045","138.61800000000045","138.61800000000045"
"398","137.87800000000044","137.87800000000044","137.87800000000044"
"399","137.62800000000038","137.62800000000038","137.62800000000038"
"400","137.06200000000044","137.06200000000044","137.06200000000044"
"401","135.88100000000045","135.88100000000045","135.88100000000045"
"402","133.98100000000042","133.98100000000042","133.98100000000042"
"403","133.15000000000043","133.15000000000043","133.15000000000043"
"404","132.43100000000044","132.43100000000044","132.43100000000044"
"405","132.27900000000042","132.27900000000042","132.27900000000042"
"406","133.54900000000043","133.54900000000043","133.54900000000043"
"407","135.67900000000046","135.67900000000046","135.67900000000046"
"408","136.99700000000044","136.99700000000044","136.99700000000044"
"409","137.27200000000042","137.27200000000042","137.27200000000042"
"410","137.44800000000043","137.44800000000043","137.44800000000043"
"411","137.06700000000043","137.06700000000043","137.06700000000043"
"412","135.73700000000042","135.73700000000042","135.73700000000042"
"413","135.04400000000044","135.04400000000044","135.04400000000044"
"414","134.11000000000044","134.11000000000044","134.11000000000044"
"415","134.40300000000045","134.40300000000045","134.40300000000045"
"416","133.7670000000004","133.7670000000004","133.7670000000004"
"417","134.47100000000043","134.47100000000043","134.47100000000043"
"418","134.64300000000043","134.64300000000043","134.64300000000043"
"419","134.56600000000043","134.56600000000043","134.56600000000043"
"420","133.46800000000044","133.46800000000044","133.46800000000044"
"421","132.8690000000004","132.8690000000004","132.8690000000004"
"422","131.95400000000043","131.95400000000043","131.95400000000043"
"423","131.0360000000004","131.0360000000004","131.0360000000004"
"424","131.2270000000004","131.2270000000004","131.2270000000004"
"425","131.72600000000043","131.72600000000043","131.72600000000043"
"426","130.65800000000044","130.65800000000044","130.65800000000044"
"427","129.0200000000004","129.0200000000004","129.0200000000004"
"428","128.5860000000004","128.5860000000004","128.5860000000004"
"429","128.7710000000004","128.7710000000004","128.7710000000004"
"430","129.73200000000043","129.73200000000043","129.73200000000043"
"431","131.34300000000042","131.34300000000042","131.34300000000042"
"432","133.9540000000004","133.9540000000004","133.9540000000004"
"433","136.10200000000043","136.10200000000043","136.10200000000043"
"434","136.24000000000044","136.24000000000044","136.24000000000044"
"435","135.71900000000045","135.71900000000045","135.71900000000045"
"436","135.13600000000045","135.13600000000045","135.13600000000045"
"437","133.08300000000045","133.08300000000045","133.08300000000045"
"438","132.94800000000043","132.94800000000043","132.94800000000043"
"439","131.20000000000041","131.20000000000041","131.20000000000041"
"440","130.82200000000043","130.82200000000043","130.82200000000043"
"441","130.44300000000044","130.44300000000044","130.44300000000044"
"442","131.26000000000042","131.26000000000042","131.26000000000042"
"443","130.89400000000043","130.89400000000043","130.89400000000043"
"444","132.41500000000045","132.41500000000045","132.41500000000045"
"445","132.7000000000004","132.7000000000004","132.7000000000004"
"446","132.39400000000043","132.39400000000043","132.39400000000043"
"447","131.22700000000043","131.22700000000043","131.22700000000043"
"448","130.33700000000042","130.33700000000042","130.33700000000042"
"449","129.46400000000042","129.46400000000042","129.46400000000042"
"450","128.9910000000004","128.9910000000004","128.9910000000004"
"451","129.61800000000042","129.61800000000042","129.61800000000042"
"452","129.72700000000043","129.72700000000043","129.72700000000043"
"453","129.86200000000042","129.86200000000042","129.86200000000042"
"454","130.04500000000044","130.04500000000044","130.04500000000044"
"455","130.26100000000042","130.26100000000042","130.26100000000042"
"456","131.4900000000004","131.4900000000004","131.4900000000004"
"457","132.63200000000043","132.63200000000043","132.63200000000043"
"458","134.22900000000044","134.22900000000044","134.22900000000044"
"459","134.71600000000043","134.71600000000043","134.71600000000043"
"460","135.06000000000043","135.06000000000043","135.06000000000043"
"461","135.76800000000043","135.76800000000043","135.76800000000043"
"462","135.61800000000042","135.61800000000042","135.61800000000042"
"463","136.04500000000044","136.04500000000044","136.04500000000044"
"464","134.88800000000046","134.88800000000046","134.88800000000046"
"465","134.88500000000045","134.88500000000045","134.88500000000045"
"466","133.70800000000045","133.70800000000045","133.70800000000045"
"467","133.2470000000004","133.2470000000004","133.2470000000004"
"468","132.97600000000043","132.97600000000043","132.97600000000043"
"469","133.48800000000043","133.48800000000043","133.48800000000043"
"470","132.84900000000044","132.84900000000044","132.84900000000044"
"471","132.74900000000042","132.74900000000042","132.74900000000042"
"472","132.59000000000043","132.59000000000043","132.59000000000043"
"473","132.50900000000038","132.50900000000038","132.50900000000038"
"474","132.07100000000042","132.07100000000042","132.07100000000042"
"475","131.4360000000004","131.4360000000004","131.4360000000004"
"476","131.8580000000004","131.8580000000004","131.8580000000004"
"477","131.4050000000004","131.4050000000004","131.4050000000004"
"478","130.54700000000042","130.54700000000042","130.54700000000042"
"479","130.79600000000045","130.79600000000045","130.79600000000045"
"480","130.77000000000044","130.77000000000044","130.77000000000044"
"481","129.10100000000043","129.10100000000043","129.10100000000043"
"482","129.2650000000004","129.2650000000004","129.2650000000004"
"483","129.67800000000042","129.67800000000042","129.67800000000042"
"484","128.69800000000043","128.69800000000043","128.69800000000043"
"485","128.56300000000041","128.56300000000041","128.56300000000041"
"486","128.24900000000042","128.24900000000042","128.24900000000042"
"487","126.9890000000004","126.9890000000004","126.9890000000004"
"488","126.27400000000038","126.27400000000038","126.27400000000038"
"489","125.30000000000042","125.30000000000042","125.30000000000042"
"490","125.20400000000039","125.20400000000039","125.20400000000039"
"491","125.4810000000004","125.4810000000004","125.4810000000004"
"492","125.01100000000042","125.01100000000042","125.01100000000042"
"493","124.68900000000038","124.68900000000038","124.68900000000038"
"494","125.19700000000039","125.19700000000039","125.19700000000039"
"495","125.03200000000041","125.03200000000041","125.03200000000041"
"496","124.6620000000004","124.6620000000004","124.6620000000004"
"497","124.97800000000039","124.97800000000039","124.97800000000039"
"498","124.98300000000042","124.98300000000042","124.98300000000042"
"499","125.44100000000039","125.44100000000039","125.44100000000039"
"500","125.66700000000037","125.66700000000037","125.66700000000037"
"501","127.10000000000042","127.10000000000042","127.10000000000042"
"502","126.88900000000041","126.88900000000041","126.88900000000041"
"503","127.8020000000004","127.8020000000004","127.8020000000004"
"504","128.45800000000042","128.45800000000042","128.45800000000042"
"505","128.7870000000004","128.7870000000004","128.7870000000004"
"506","128.96800000000042","128.96800000000042","128.96800000000042"
"507","130.35900000000044","130.35900000000044","130.35900000000044"
"508","131.3050000000004","131.3050000000004","131.3050000000004"
"509","132.06000000000043","132.06000000000043","132.06000000000043"
"510","133.2810000000004","133.2810000000004","133.2810000000004"
"511","134.17200000000045","134.17200000000045","134.17200000000045"
"512","134.02000000000044","134.02000000000044","134.02000000000044"
"513","135.72100000000043","135.72100000000043","135.72100000000043"
"514","135.58900000000042","135.58900000000042","135.58900000000042"
"515","135.39900000000043","135.39900000000043","135.39900000000043"
"516","134.85400000000044","134.85400000000044","134.85400000000044"
"517","134.98600000000042","134.98600000000042","134.98600000000042"
"518","134.27800000000042","134.27800000000042","134.27800000000042"
"519","134.69300000000044","134.69300000000044","134.69300000000044"
"520","134.65400000000042","134.65400000000042","134.65400000000042"
"521","135.27100000000044","135.27100000000044","135.27100000000044"
"522","135.21500000000043","135.21500000000043","135.21500000000043"
"523","134.91900000000044","134.91900000000044","134.91900000000044"
"524","135.12800000000044","135.12800000000044","135.12800000000044"
"525","135.4520000000004","135.4520000000004","135.4520000000004"
"526","135.37700000000044","135.37700000000044","135.37700000000044"
"527","135.50400000000045","135.50400000000045","135.50400000000045"
"528","134.2400000000004","134.2400000000004","134.2400000000004"
"529","131.88300000000044","131.88300000000044","131.88300000000044"
"530","131.0760000000004","131.0760000000004","131.0760000000004"
"531","131.10600000000042","131.10600000000042","131.10600000000042"
"532","131.0060000000004","131.0060000000004","131.0060000000004"
"533","132.98500000000047","132.98500000000047","132.98500000000047"
"534","134.96800000000042","134.96800000000042","134.96800000000042"
"535","135.64000000000044","135.64000000000044","135.64000000000044"
"536","134.34400000000045","134.34400000000045","134.34400000000045"
"537","133.65600000000043","133.65600000000043","133.65600000000043"
"538","134.22000000000043","134.22000000000043","134.22000000000043"
"539","133.49400000000045","133.49400000000045","133.49400000000045"
"540","133.78300000000044","133.78300000000044","133.78300000000044"
"541","134.89800000000045","134.89800000000045","134.89800000000045"
"542","135.67000000000044","135.67000000000044","135.67000000000044"
"543","135.34200000000044","135.34200000000044","135.34200000000044"
"544","135.24900000000042","135.24900000000042","135.24900000000042"
"545","134.65900000000045","134.65900000000045","134.65900000000045"
"546","135.52600000000047","135.52600000000047","135.52600000000047"
"547","135.03200000000044","135.03200000000044","135.03200000000044"
"548","134.90600000000043","134.90600000000043","134.90600000000043"
"549","135.48000000000044","135.48000000000044","135.48000000000044"
"550","135.61200000000045","135.61200000000045","135.61200000000045"
"551","135.05200000000045","135.05200000000045","135.05200000000045"
"552","134.14300000000046","134.14300000000046","134.14300000000046"
"553","133.56600000000043","133.56600000000043","133.56600000000043"
"554","133.83400000000043","133.83400000000043","133.83400000000043"
"555","133.77500000000046","133.77500000000046","133.77500000000046"
"556","134.98100000000042","134.98100000000042","134.98100000000042"
"557","136.58500000000046","136.58500000000046","136.58500000000046"
"558","137.58400000000046","137.58400000000046","137.58400000000046"
"559","137.60500000000044","137.60500000000044","137.60500000000044"
"560","137.57600000000045","137.57600000000045","137.57600000000045"
"561","137.12300000000042","137.12300000000042","137.12300000000042"
"562","135.13800000000043","135.13800000000043","135.13800000000043"
"563","134.87700000000044","134.87700000000044","134.87700000000044"
"564","133.59400000000045","133.59400000000045","133.59400000000045"
"565","133.27100000000044","133.27100000000044","133.27100000000044"
"566","133.00300000000044","133.00300000000044","133.00300000000044"
"567","134.33700000000042","134.33700000000042","134.33700000000042"
"568","133.61800000000042","133.61800000000042","133.61800000000042"
"569","133.45400000000043","133.45400000000043","133.45400000000043"
"570","132.46200000000044","132.46200000000044","132.46200000000044"
"571","132.47500000000045","132.47500000000045","132.47500000000045"
"572","132.71800000000042","132.71800000000042","132.71800000000042"
"573","132.83600000000044","132.83600000000044","132.83600000000044"
"574","133.52100000000044","133.52100000000044","133.52100000000044"
"575","133.93500000000046","133.93500000000046","133.93500000000046"
"576","134.09200000000044","134.09200000000044","134.09200000000044"
"577","134.30300000000045","134.30300000000045","134.30300000000045"
"578","134.60200000000043","134.60200000000043","134.60200000000043"
"579","134.06600000000043","134.06600000000043","134.06600000000043"
"580","134.20000000000044","134.20000000000044","134.20000000000044"
"581","133.60500000000044","133.60500000000044","133.60500000000044"
"582","132.44900000000044","132.44900000000044","132.44900000000044"
"583","132.24800000000042","132.24800000000042","132.24800000000042"
"584","132.35200000000043","132.35200000000043","132.35200000000043"
"585","132.51100000000045","132.51100000000045","132.51100000000045"
"586","133.00500000000045","133.00500000000045","133.00500000000045"
"587","133.40300000000045","133.40300000000045","133.40300000000045"
"588","134.5210000000004","134.5210000000004","134.5210000000004"
"589","134.35600000000042","134.35600000000042","134.35600000000042"
"590","134.50700000000043","134.50700000000043","134.50700000000043"
"591","134.24400000000043","134.24400000000043","134.24400000000043"
"592","134.99300000000042","134.99300000000042","134.99300000000042"
"593","134.69200000000043","134.69200000000043","134.69200000000043"
"594","135.27300000000045","135.27300000000045","135.27300000000045"
"595","135.06700000000043","135.06700000000043","135.06700000000043"
"596","135.72800000000043","135.72800000000043","135.72800000000043"
"597","135.14700000000042","135.14700000000042","135.14700000000042"
"598","134.98300000000043","134.98300000000043","134.98300000000043"
"599","135.22700000000043","135.22700000000043","135.22700000000043"
"600","135.27500000000043","135.27500000000043","135.27500000000043"
"601","134.67200000000045","134.67200000000045","134.67200000000045"
"602","133.90000000000043","133.90000000000043","133.90000000000043"
"603","133.66700000000043","133.66700000000043","133.66700000000043"
"604","133.31200000000044","133.31200000000044","133.31200000000044"
"605","132.9730000000004","132.9730000000004","132.9730000000004"
"606","134.20000000000044","134.20000000000044","134.20000000000044"
"607","135.58000000000044","135.58000000000044","135.58000000000044"
"608","136.23700000000045","136.23700000000045","136.23700000000045"
"609","135.73700000000042","135.73700000000042","135.73700000000042"
"610","135.4260000000004","135.4260000000004","135.4260000000004"
"611","133.02600000000038","133.02600000000038","133.02600000000038"
"612","131.62400000000042","131.62400000000042","131.62400000000042"
"613","131.58300000000037","131.58300000000037","131.58300000000037"
"614","130.78600000000043","130.78600000000043","130.78600000000043"
"615","131.48700000000045","131.48700000000045","131.48700000000045"
"616","132.92700000000042","132.92700000000042","132.92700000000042"
"617","133.83800000000042","133.83800000000042","133.83800000000042"
"618","134.03300000000044","134.03300000000044","134.03300000000044"
"619","134.97700000000043","134.97700000000043","134.97700000000043"
"620","134.62800000000044","134.62800000000044","134.62800000000044"
"621","135.18800000000041","135.18800000000041","135.18800000000041"
"622","133.71600000000043","133.71600000000043","133.71600000000043"
"623","132.86400000000046","132.86400000000046","132.86400000000046"
"624","132.2700000000004","132.2700000000004","132.2700000000004"
"625","130.74600000000044","130.74600000000044","130.74600000000044"
"626","130.4130000000004","130.4130000000004","130.4130000000004"
"627","130.15700000000038","130.15700000000038","130.15700000000038"
"628","129.0170000000004","129.0170000000004","129.0170000000004"
"629","129.8560000000004","129.8560000000004","129.8560000000004"
"630","131.14900000000043","131.14900000000043","131.14900000000043"
"631","132.23300000000046","132.23300000000046","132.23300000000046"
"632","134.13900000000044","134.13900000000044","134.13900000000044"
"633","136.36700000000044","136.36700000000044","136.36700000000044"
"634","136.24400000000043","136.24400000000043","136.24400000000043"
"635","136.05800000000042","136.05800000000042","136.05800000000042"
"636","135.7270000000004","135.7270000000004","135.7270000000004"
"637","134.59700000000043","134.59700000000043","134.59700000000043"
"638","135.35900000000044","135.35900000000044","135.35900000000044"
"639","134.64700000000047","134.64700000000047","134.64700000000047"
"640","135.00900000000044","135.00900000000044","135.00900000000044"
"641","135.07000000000042","135.07000000000042","135.07000000000042"
"642","135.65400000000042","135.65400000000042","135.65400000000042"
"643","132.09800000000044","132.09800000000044","132.09800000000044"
"644","131.4910000000004","131.4910000000004","131.4910000000004"
"645","130.26000000000042","130.26000000000042","130.26000000000042"
"646","130.70800000000042","130.70800000000042","130.70800000000042"
"647","129.9220000000004","129.9220000000004","129.9220000000004"
"648","132.2590000000004","132.2590000000004","132.2590000000004"
"649","133.4190000000004","133.4190000000004","133.4190000000004"
"650","133.84200000000044","133.84200000000044","133.84200000000044"
"651","133.30900000000042","133.30900000000042","133.30900000000042"
"652","133.77900000000042","133.77900000000042","133.77900000000042"
"653","133.7470000000004","133.7470000000004","133.7470000000004"
"654","133.7230000000004","133.7230000000004","133.7230000000004"
"655","134.06200000000044","134.06200000000044","134.06200000000044"
"656","134.76000000000045","134.76000000000045","134.76000000000045"
"657","135.53700000000043","135.53700000000043","135.53700000000043"
"658","136.43500000000043","136.43500000000043","136.43500000000043"
"659","136.38300000000044","136.38300000000044","136.38300000000044"
"660","136.04200000000046","136.04200000000046","136.04200000000046"
"661","135.60500000000044","135.60500000000044","135.60500000000044"
"662","134.26100000000045","134.26100000000045","134.26100000000045"
"663","134.5770000000004","134.5770000000004","134.5770000000004"
"664","134.08100000000044","134.08100000000044","134.08100000000044"
"665","134.10000000000045","134.10000000000045","134.10000000000045"
"666","134.42300000000043","134.42300000000043","134.42300000000043"
"667","135.68800000000044","135.68800000000044","135.68800000000044"
"668","135.52100000000044","135.52100000000044","135.52100000000044"
"669","135.66300000000044","135.66300000000044","135.66300000000044"
"670","134.75700000000043","134.75700000000043","134.75700000000043"
"671","134.99500000000046","134.99500000000046","134.99500000000046"
"672","134.75400000000042","134.75400000000042","134.75400000000042"
"673","134.63700000000043","134.63700000000043","134.63700000000043"
"674","135.18600000000043","135.18600000000043","135.18600000000043"
"675","135.92700000000045","135.92700000000045","135.92700000000045"
"676","135.78300000000044","135.78300000000044","135.78300000000044"
"677","134.97500000000045","134.97500000000045","134.97500000000045"
"678","135.10600000000045","135.10600000000045","135.10600000000045"
"679","135.29300000000046","135.29300000000046","135.29300000000046"
"680","134.97300000000044","134.97300000000044","134.97300000000044"
"681","134.94100000000043","134.94100000000043","134.94100000000043"
"682","135.78000000000043","135.78000000000043","135.78000000000043"
"683","135.67800000000042","135.67800000000042","135.67800000000042"
"684","135.03800000000044","135.03800000000044","135.03800000000044"
"685","135.19900000000044","135.19900000000044","135.19900000000044"
"686","134.99900000000042","134.99900000000042","134.99900000000042"
"687","133.8590000000004","133.8590000000004","133.8590000000004"
"688","134.32500000000044","134.32500000000044","134.32500000000044"
"689","133.92000000000044","133.92000000000044","133.92000000000044"
"690","124.49500000000039","124.49500000000039","124.49500000000039"
"691","124.16300000000038","124.16300000000038","124.16300000000038"
"692","124.80200000000039","124.80200000000039","124.80200000000039"
"693","124.84500000000037","124.84500000000037","124.84500000000037"
"694","127.29500000000039","127.29500000000039","127.29500000000039"
"695","135.94900000000047","135.94900000000047","135.94900000000047"
"696","137.05800000000042","137.05800000000042","137.05800000000042"
"697","136.75500000000045","136.75500000000045","136.75500000000045"
"698","136.35300000000043","136.35300000000043","136.35300000000043"
"699","135.72000000000043","135.72000000000043","135.72000000000043"
"700","135.38000000000045","135.38000000000045","135.38000000000045"
"701","134.39200000000045","134.39200000000045","134.39200000000045"
"702","134.32700000000042","134.32700000000042","134.32700000000042"
"703","134.43000000000043","134.43000000000043","134.43000000000043"
"704","134.70100000000045","134.70100000000045","134.70100000000045"
"705","134.77900000000042","134.77900000000042","134.77900000000042"
"706","135.66800000000046","135.66800000000046","135.66800000000046"
"707","136.64100000000045","136.64100000000045","136.64100000000045"
"708","137.09000000000043","137.09000000000043","137.09000000000043"
"709","136.95400000000043","136.95400000000043","136.95400000000043"
"710","136.76200000000043","136.76200000000043","136.76200000000043"
"711","137.00200000000044","137.00200000000044","137.00200000000044"
"712","135.51300000000043","135.51300000000043","135.51300000000043"
"713","135.23100000000045","135.23100000000045","135.23100000000045"
"714","133.94200000000043","133.94200000000043","133.94200000000043"
"715","133.82900000000043","133.82900000000043","133.82900000000043"
"716","132.53800000000044","132.53800000000044","132.53800000000044"
"717","133.4530000000004","133.4530000000004","133.4530000000004"
"718","133.3530000000004","133.3530000000004","133.3530000000004"
"719","133.84700000000038","133.84700000000038","133.84700000000038"
"720","132.66700000000046","132.66700000000046","132.66700000000046"
"721","133.03600000000043","133.03600000000043","133.03600000000043"
"722","132.96900000000042","132.96900000000042","132.96900000000042"
"723","132.59700000000043","132.59700000000043","132.59700000000043"
"724","132.8060000000004","132.8060000000004","132.8060000000004"
"725","133.32800000000043","133.32800000000043","133.32800000000043"
"726","133.52000000000044","133.52000000000044","133.52000000000044"
"727","133.1800000000004","133.1800000000004","133.1800000000004"
"728","133.43000000000043","133.43000000000043","133.43000000000043"
"729","133.74600000000044","133.74600000000044","133.74600000000044"
"730","133.8700000000004","133.8700000000004","133.8700000000004"
"731","133.97100000000043","133.97100000000043","133.97100000000043"
"732","134.53500000000042","134.53500000000042","134.53500000000042"
"733","134.7230000000004","134.7230000000004","134.7230000000004"
"734","134.64600000000047","134.64600000000047","134.64600000000047"
"735","134.41100000000043","134.41100000000043","134.41100000000043"
"736","134.04500000000044","134.04500000000044","134.04500000000044"
"737","132.90600000000043","132.90600000000043","132.90600000000043"
"738","133.1740000000004","133.1740000000004","133.1740000000004"
"739","132.52500000000046","132.52500000000046","132.52500000000046"
"740","132.90000000000043","132.90000000000043","132.90000000000043"
"741","133.08300000000042","133.08300000000042","133.08300000000042"
"742","132.56400000000045","132.56400000000045","132.56400000000045"
"743","131.72900000000044","131.72900000000044","131.72900000000044"
"744","132.09100000000043","132.09100000000043","132.09100000000043"
"745","131.3940000000004","131.3940000000004","131.3940000000004"
"746","131.79300000000043","131.79300000000043","131.79300000000043"
"747","132.56200000000044","132.56200000000044","132.56200000000044"
"748","131.56200000000044","131.56200000000044","131.56200000000044"
"749","131.56400000000042","131.56400000000042","131.56400000000042"
"750","131.46100000000044","131.46100000000044","131.46100000000044"
"751","130.43300000000045","130.43300000000045","130.43300000000045"
"752","130.59500000000043","130.59500000000043","130.59500000000043"
"753","131.83900000000042","131.83900000000042","131.83900000000042"
"754","131.83800000000042","131.83800000000042","131.83800000000042"
"755","132.01900000000046","132.01900000000046","132.01900000000046"
"756","133.75900000000044","133.75900000000044","133.75900000000044"
"757","134.5860000000004","134.5860000000004","134.5860000000004"
"758","134.95900000000046","134.95900000000046","134.95900000000046"
"759","135.23500000000047","135.23500000000047","135.23500000000047"
"760","134.81900000000041","134.81900000000041","134.81900000000041"
"761","135.01700000000045","135.01700000000045","135.01700000000045"
"762","134.63800000000043","134.63800000000043","134.63800000000043"
"763","134.96000000000043","134.96000000000043","134.96000000000043"
"764","133.55400000000043","133.55400000000043","133.55400000000043"
"765","133.91300000000044","133.91300000000044","133.91300000000044"
"766","133.21100000000047","133.21100000000047","133.21100000000047"
"767","132.96300000000042","132.96300000000042","132.96300000000042"
"768","132.69300000000044","132.69300000000044","132.69300000000044"
"769","134.15300000000042","134.15300000000042","134.15300000000042"
"770","133.74200000000042","133.74200000000042","133.74200000000042"
"771","134.05100000000044","134.05100000000044","134.05100000000044"
"772","134.56900000000044","134.56900000000044","134.56900000000044"
"773","134.31700000000046","134.31700000000046","134.31700000000046"
"774","134.09300000000044","134.09300000000044","134.09300000000044"
"775","134.02800000000042","134.02800000000042","134.02800000000042"
"776","133.99600000000044","133.99600000000044","133.99600000000044"
"777","134.13300000000044","134.13300000000044","134.13300000000044"
"778","134.10900000000044","134.10900000000044","134.10900000000044"
"779","133.94500000000045","133.94500000000045","133.94500000000045"
"780","133.78500000000042","133.78500000000042","133.78500000000042"
"781","133.25800000000044","133.25800000000044","133.25800000000044"
"782","133.46100000000044","133.46100000000044","133.46100000000044"
"783","133.11600000000044","133.11600000000044","133.11600000000044"
"784","133.36000000000044","133.36000000000044","133.36000000000044"
"785","131.13600000000045","131.13600000000045","131.13600000000045"
"786","130.7650000000004","130.7650000000004","130.7650000000004"
"787","129.48700000000045","129.48700000000045","129.48700000000045"
"788","130.55600000000044","130.55600000000044","130.55600000000044"
"789","129.75400000000042","129.75400000000042","129.75400000000042"
"790","131.88000000000042","131.88000000000042","131.88000000000042"
"791","132.48000000000044","132.48000000000044","132.48000000000044"
"792","133.59700000000043","133.59700000000043","133.59700000000043"
"793","132.85400000000044","132.85400000000044","132.85400000000044"
"794","133.78500000000042","133.78500000000042","133.78500000000042"
"795","133.80500000000043","133.80500000000043","133.80500000000043"
"796","134.6130000000004","134.6130000000004","134.6130000000004"
"797","134.18500000000043","134.18500000000043","134.18500000000043"
"798","134.3540000000004","134.3540000000004","134.3540000000004"
"799","134.64800000000042","134.64800000000042","134.64800000000042"
"800","134.01400000000044","134.01400000000044","134.01400000000044"
"801","133.50800000000044","133.50800000000044","133.50800000000044"
"802","133.50800000000044","133.50800000000044","133.50800000000044"
"803","133.79200000000046","133.79200000000046","133.79200000000046"
"804","134.10500000000044","134.10500000000044","134.10500000000044"
"805","134.76100000000045","134.76100000000045","134.76100000000045"
"806","135.37000000000043","135.37000000000043","135.37000000000043"
"807","135.97500000000045","135.97500000000045","135.97500000000045"
"808","135.80600000000047","135.80600000000047","135.80600000000047"
"809","135.30700000000041","135.30700000000041","135.30700000000041"
"810","135.05100000000044","135.05100000000044","135.05100000000044"
"811","135.79500000000044","135.79500000000044","135.79500000000044"
"812","134.76300000000046","134.76300000000046","134.76300000000046"
"813","135.70400000000046","135.70400000000046","135.70400000000046"
"814","134.41900000000044","134.41900000000044","134.41900000000044"
"815","134.32800000000043","134.32800000000043","134.32800000000043"
"816","133.0840000000004","133.0840000000004","133.0840000000004"
"817","133.64100000000042","133.64100000000042","133.64100000000042"
"818","132.7410000000004","132.7410000000004","132.7410000000004"
"819","133.67400000000043","133.67400000000043","133.67400000000043"
"820","132.6750000000004","132.6750000000004","132.6750000000004"
"821","132.69500000000042","132.69500000000042","132.69500000000042"
"822","132.04800000000043","132.04800000000043","132.04800000000043"
"823","131.67300000000043","131.67300000000043","131.67300000000043"
"824","131.27200000000042","131.27200000000042","131.27200000000042"
"825","132.02400000000043","132.02400000000043","132.02400000000043"
"826","132.16300000000044","132.16300000000044","132.16300000000044"
"827","132.0030000000004","132.0030000000004","132.0030000000004"
"828","132.35100000000045","132.35100000000045","132.35100000000045"
"829","131.97800000000043","131.97800000000043","131.97800000000043"
"830","131.93800000000044","131.93800000000044","131.93800000000044"
"831","131.66100000000043","131.66100000000043","131.66100000000043"
"832","132.0780000000004","132.0780000000004","132.0780000000004"
"833","133.15700000000038","133.15700000000038","133.15700000000038"
"834","133.3240000000004","133.3240000000004","133.3240000000004"
"835","133.44300000000044","133.44300000000044","133.44300000000044"
"836","133.55300000000042","133.55300000000042","133.55300000000042"
"837","133.57100000000045","133.57100000000045","133.57100000000045"
"838","133.29600000000045","133.29600000000045","133.29600000000045"
"839","131.70800000000045","131.70800000000045","131.70800000000045"
"840","129.4900000000004","129.4900000000004","129.4900000000004"
"841","128.67800000000042","128.67800000000042","128.67800000000042"
"842","128.5750000000004","128.5750000000004","128.5750000000004"
"843","127.96500000000042","127.96500000000042","127.96500000000042"
"844","129.79700000000042","129.79700000000042","129.79700000000042"
"845","131.30900000000042","131.30900000000042","131.30900000000042"
"846","132.70000000000041","132.70000000000041","132.70000000000041"
"847","132.47500000000045","132.47500000000045","132.47500000000045"
"848","133.02000000000044","133.02000000000044","133.02000000000044"
"849","133.00000000000043","133.00000000000043","133.00000000000043"
"850","133.97000000000043","133.97000000000043","133.97000000000043"
"851","133.5120000000004","133.5120000000004","133.5120000000004"
"852","133.59000000000043","133.59000000000043","133.59000000000043"
"853","133.06400000000042","133.06400000000042","133.06400000000042"
"854","133.40400000000042","133.40400000000042","133.40400000000042"
"855","133.21900000000042","133.21900000000042","133.21900000000042"
"856","134.13600000000045","134.13600000000045","134.13600000000045"
"857","134.87000000000043","134.87000000000043","134.87000000000043"
"858","135.95200000000042","135.95200000000042","135.95200000000042"
"859","135.42400000000046","135.42400000000046","135.42400000000046"
"860","135.01500000000044","135.01500000000044","135.01500000000044"
"861","135.65100000000047","135.65100000000047","135.65100000000047"
"862","135.54000000000045","135.54000000000045","135.54000000000045"
"863","136.27000000000044","136.27000000000044","136.27000000000044"
"864","135.77600000000044","135.77600000000044","135.77600000000044"
"865","136.09000000000046","136.09000000000046","136.09000000000046"
"866","134.62700000000044","134.62700000000044","134.62700000000044"
"867","135.19000000000042","135.19000000000042","135.19000000000042"
"868","134.8600000000004","134.8600000000004","134.8600000000004"
"869","135.83300000000042","135.83300000000042","135.83300000000042"
"870","135.23100000000045","135.23100000000045","135.23100000000045"
"871","135.84300000000042","135.84300000000042","135.84300000000042"
"872","135.81800000000044","135.81800000000044","135.81800000000044"
"873","135.19300000000047","135.19300000000047","135.19300000000047"
"874","134.85400000000044","134.85400000000044","134.85400000000044"
"875","135.10000000000045","135.10000000000045","135.10000000000045"
"876","135.41500000000045","135.41500000000045","135.41500000000045"
"877","134.8890000000004","134.8890000000004","134.8890000000004"
"878","134.84000000000043","134.84000000000043","134.84000000000043"
"879","134.96900000000042","134.96900000000042","134.96900000000042"
"880","134.93600000000043","134.93600000000043","134.93600000000043"
"881","135.3900000000004","135.3900000000004","135.3900000000004"
"882","135.93000000000043","135.93000000000043","135.93000000000043"
"883","136.54900000000043","136.54900000000043","136.54900000000043"
"884","136.59000000000043","136.59000000000043","136.59000000000043"
"885","136.44000000000042","136.44000000000042","136.44000000000042"
"886","135.36800000000045","135.36800000000045","135.36800000000045"
"887","134.59000000000043","134.59000000000043","134.59000000000043"
"888","134.93900000000042","134.93900000000042","134.93900000000042"
"889","133.92100000000045","133.92100000000045","133.92100000000045"
"890","133.98300000000043","133.98300000000043","133.98300000000043"
"891","134.47100000000043","134.47100000000043","134.47100000000043"
"892","134.79900000000043","134.79900000000043","134.79900000000043"
"893","134.68800000000041","134.68800000000041","134.68800000000041"
"894","135.63300000000044","135.63300000000044","135.63300000000044"
"895","134.90400000000045","134.90400000000045","134.90400000000045"
"896","135.52900000000048","135.52900000000048","135.52900000000048"
"897","134.87700000000044","134.87700000000044","134.87700000000044"
"898","134.15800000000044","134.15800000000044","134.15800000000044"
"899","134.34100000000043","134.34100000000043","134.34100000000043"
"900","135.06600000000046","135.06600000000046","135.06600000000046"
"901","134.57800000000046","134.57800000000046","134.57800000000046"
"902","134.67900000000043","134.67900000000043","134.67900000000043"
"903","134.79200000000043","134.79200000000043","134.79200000000043"
"904","134.74100000000047","134.74100000000047","134.74100000000047"
"905","134.84600000000043","134.84600000000043","134.84600000000043"
"906","135.79100000000042","135.79100000000042","135.79100000000042"
"907","136.94900000000044","136.94900000000044","136.94900000000044"
"908","137.94600000000045","137.94600000000045","137.94600000000045"
"909","137.58300000000042","137.58300000000042","137.58300000000042"
"910","136.91100000000043","136.91100000000043","136.91100000000043"
"911","136.61900000000043","136.61900000000043","136.61900000000043"
"912","135.32300000000043","135.32300000000043","135.32300000000043"
"913","135.43200000000044","135.43200000000044","135.43200000000044"
"914","134.51300000000043","134.51300000000043","134.51300000000043"
"915","134.6220000000004","134.6220000000004","134.6220000000004"
"916","134.12500000000043","134.12500000000043","134.12500000000043"
"917","134.80000000000044","134.80000000000044","134.80000000000044"
"918","134.6340000000004","134.6340000000004","134.6340000000004"
"919","134.93700000000044","134.93700000000044","134.93700000000044"
"920","134.29100000000045","134.29100000000045","134.29100000000045"
"921","134.50600000000043","134.50600000000043","134.50600000000043"
"922","134.04400000000044","134.04400000000044","134.04400000000044"
"923","133.65600000000043","133.65600000000043","133.65600000000043"
"924","134.03200000000044","134.03200000000044","134.03200000000044"
"925","134.55000000000044","134.55000000000044","134.55000000000044"
"926","134.50700000000043","134.50700000000043","134.50700000000043"
"927","134.37300000000042","134.37300000000042","134.37300000000042"
"928","134.45400000000046","134.45400000000046","134.45400000000046"
"929","134.0510000000004","134.0510000000004","134.0510000000004"
"930","133.87000000000043","133.87000000000043","133.87000000000043"
"931","134.67000000000044","134.67000000000044","134.67000000000044"
"932","135.59100000000043","135.59100000000043","135.59100000000043"
"933","136.28900000000044","136.28900000000044","136.28900000000044"
"934","136.69700000000046","136.69700000000046","136.69700000000046"
"935","136.18900000000042","136.18900000000042","136.18900000000042"
"936","135.21300000000042","135.21300000000042","135.21300000000042"
"937","131.4590000000004","131.4590000000004","131.4590000000004"
"938","131.16100000000043","131.16100000000043","131.16100000000043"
"939","130.15400000000042","130.15400000000042","130.15400000000042"
"940","131.13600000000042","131.13600000000042","131.13600000000042"
"941","131.5800000000004","131.5800000000004","131.5800000000004"
"942","133.82600000000042","133.82600000000042","133.82600000000042"
"943","133.94600000000045","133.94600000000045","133.94600000000045"
"944","134.76000000000045","134.76000000000045","134.76000000000045"
"945","134.58800000000042","134.58800000000042","134.58800000000042"
"946","135.44200000000043","135.44200000000043","135.44200000000043"
"947","135.82400000000044","135.82400000000044","135.82400000000044"
"948","135.23500000000044","135.23500000000044","135.23500000000044"
"949","135.20700000000045","135.20700000000045","135.20700000000045"
"950","132.52400000000046","132.52400000000046","132.52400000000046"
"951","131.2470000000004","131.2470000000004","131.2470000000004"
"952","131.11800000000042","131.11800000000042","131.11800000000042"
"953","131.5260000000004","131.5260000000004","131.5260000000004"
"954","131.90600000000043","131.90600000000043","131.90600000000043"
"955","134.29600000000045","134.29600000000045","134.29600000000045"
"956","135.68100000000044","135.68100000000044","135.68100000000044"
"957","136.85600000000045","136.85600000000045","136.85600000000045"
"958","137.26600000000045","137.26600000000045","137.26600000000045"
"959","136.95500000000044","136.95500000000044","136.95500000000044"
"960","136.62800000000044","136.62800000000044","136.62800000000044"
"961","136.67900000000046","136.67900000000046","136.67900000000046"
"962","135.61500000000044","135.61500000000044","135.61500000000044"
"963","136.30600000000044","136.30600000000044","136.30600000000044"
"964","135.81800000000044","135.81800000000044","135.81800000000044"
"965","136.31600000000043","136.31600000000043","136.31600000000043"
"966","135.9230000000004","135.9230000000004","135.9230000000004"
"967","136.54300000000046","136.54300000000046","136.54300000000046"
"968","136.19600000000042","136.19600000000042","136.19600000000042"
"969","137.05000000000044","137.05000000000044","137.05000000000044"
"970","136.47000000000045","136.47000000000045","136.47000000000045"
"971","136.73000000000044","136.73000000000044","136.73000000000044"
"972","136.59300000000042","136.59300000000042","136.59300000000042"
"973","136.22800000000046","136.22800000000046","136.22800000000046"
"974","135.64000000000044","135.64000000000044","135.64000000000044"
"975","135.31700000000043","135.31700000000043","135.31700000000043"
"976","133.95700000000042","133.95700000000042","133.95700000000042"
"977","133.33800000000045","133.33800000000045","133.33800000000045"
"978","133.17200000000042","133.17200000000042","133.17200000000042"
"979","133.3960000000004","133.3960000000004","133.3960000000004"
"980","134.30000000000044","134.30000000000044","134.30000000000044"
"981","136.0550000000004","136.0550000000004","136.0550000000004"
"982","137.03600000000046","137.03600000000046","137.03600000000046"
"983","137.69500000000045","137.69500000000045","137.69500000000045"
"984","137.88200000000043","137.88200000000043","137.88200000000043"
"985","137.48600000000042","137.48600000000042","137.48600000000042"
"986","136.93700000000044","136.93700000000044","136.93700000000044"
"987","136.07700000000045","136.07700000000045","136.07700000000045"
"988","136.59000000000046","136.59000000000046","136.59000000000046"
"989","135.91700000000046","135.91700000000046","135.91700000000046"
"990","136.12200000000044","136.12200000000044","136.12200000000044"
"991","135.66500000000045","135.66500000000045","135.66500000000045"
"992","135.87100000000044","135.87100000000044","135.87100000000044"
"993","135.05100000000044","135.05100000000044","135.05100000000044"
"994","135.2950000000004","135.2950000000004","135.2950000000004"
"995","134.43800000000044","134.43800000000044","134.43800000000044"
"996","135.38700000000043","135.38700000000043","135.38700000000043"
"997","134.54600000000045","134.54600000000045","134.54600000000045"
"998","133.82000000000045","133.82000000000045","133.82000000000045"
"999","133.48100000000045","133.48100000000045","133.48100000000045"
"1000","133.47500000000042","133.47500000000042","133.47500000000042"
"1001","132.31900000000041","132.31900000000041","132.31900000000041"
"1002","132.2410000000004","132.2410000000004","132.2410000000004"
"1003","132.50700000000043","132.50700000000043","132.50700000000043"
"1004","132.70800000000042","132.70800000000042","132.70800000000042"
"1005","132.85000000000042","132.85000000000042","132.85000000000042"
"1006","133.99900000000042","133.99900000000042","133.99900000000042"
"1007","134.75700000000043","134.75700000000043","134.75700000000043"
"1008","135.76000000000045","135.76000000000045","135.76000000000045"
"1009","135.70200000000045","135.70200000000045","135.70200000000045"
"1010","135.26200000000043","135.26200000000043","135.26200000000043"
"1011","135.85600000000045","135.85600000000045","135.85600000000045"
"1012","133.18700000000047","133.18700000000047","133.18700000000047"
"1013","133.48800000000043","133.48800000000043","133.48800000000043"
"1014","132.20700000000042","132.20700000000042","132.20700000000042"
"1015","130.65400000000045","130.65400000000045","130.65400000000045"
"1016","129.46200000000042","129.46200000000042","129.46200000000042"
"1017","130.5650000000004","130.5650000000004","130.5650000000004"
"1018","130.01600000000045","130.01600000000045","130.01600000000045"
"1019","131.0740000000004","131.0740000000004","131.0740000000004"
"1020","132.5710000000004","132.5710000000004","132.5710000000004"
"1021","132.82900000000043","132.82900000000043","132.82900000000043"
"1022","134.24400000000045","134.24400000000045","134.24400000000045"
"1023","134.26800000000046","134.26800000000046","134.26800000000046"
"1024","134.43600000000043","134.43600000000043","134.43600000000043"
"1025","135.11200000000042","135.11200000000042","135.11200000000042"
"1026","135.33800000000042","135.33800000000042","135.33800000000042"
"1027","135.03300000000044","135.03300000000044","135.03300000000044"
"1028","133.15800000000044","133.15800000000044","133.15800000000044"
"1029","132.8180000000004","132.8180000000004","132.8180000000004"
"1030","132.75000000000043","132.75000000000043","132.75000000000043"
"1031","133.21900000000042","133.21900000000042","133.21900000000042"
"1032","134.31700000000043","134.31700000000043","134.31700000000043"
"1033","135.34400000000042","135.34400000000042","135.34400000000042"
"1034","135.47500000000045","135.47500000000045","135.47500000000045"
"1035","135.21900000000045","135.21900000000045","135.21900000000045"
"1036","134.84600000000043","134.84600000000043","134.84600000000043"
"1037","131.46700000000044","131.46700000000044","131.46700000000044"
"1038","133.1760000000004","133.1760000000004","133.1760000000004"
"1039","132.02600000000044","132.02600000000044","132.02600000000044"
"1040","131.95600000000042","131.95600000000042","131.95600000000042"
"1041","131.5070000000004","131.5070000000004","131.5070000000004"
"1042","133.59900000000044","133.59900000000044","133.59900000000044"
"1043","133.32100000000042","133.32100000000042","133.32100000000042"
"1044","134.02300000000045","134.02300000000045","134.02300000000045"
"1045","133.38400000000044","133.38400000000044","133.38400000000044"
"1046","133.69200000000043","133.69200000000043","133.69200000000043"
"1047","132.57100000000045","132.57100000000045","132.57100000000045"
"1048","132.08200000000045","132.08200000000045","132.08200000000045"
"1049","131.77700000000044","131.77700000000044","131.77700000000044"
"1050","132.02100000000047","132.02100000000047","132.02100000000047"
"1051","131.6040000000004","131.6040000000004","131.6040000000004"
"1052","131.98700000000045","131.98700000000045","131.98700000000045"
"1053","131.56500000000042","131.56500000000042","131.56500000000042"
"1054","131.15800000000044","131.15800000000044","131.15800000000044"
"1055","130.8560000000004","130.8560000000004","130.8560000000004"
"1056","132.04600000000042","132.04600000000042","132.04600000000042"
"1057","132.6520000000004","132.6520000000004","132.6520000000004"
"1058","133.73300000000046","133.73300000000046","133.73300000000046"
"1059","133.75900000000044","133.75900000000044","133.75900000000044"
"1060","133.33800000000045","133.33800000000045","133.33800000000045"
"1061","131.2270000000004","131.2270000000004","131.2270000000004"
"1062","129.8820000000004","129.8820000000004","129.8820000000004"
"1063","130.4750000000004","130.4750000000004","130.4750000000004"
"1064","129.6610000000004","129.6610000000004","129.6610000000004"
"1065","129.7620000000004","129.7620000000004","129.7620000000004"
"1066","131.1750000000004","131.1750000000004","131.1750000000004"
"1067","132.45800000000045","132.45800000000045","132.45800000000045"
"1068","132.88700000000046","132.88700000000046","132.88700000000046"
"1069","133.84700000000043","133.84700000000043","133.84700000000043"
"1070","133.72500000000045","133.72500000000045","133.72500000000045"
"1071","134.32200000000043","134.32200000000043","134.32200000000043"
"1072","133.59800000000044","133.59800000000044","133.59800000000044"
"1073","132.6960000000004","132.6960000000004","132.6960000000004"
"1074","132.60400000000044","132.60400000000044","132.60400000000044"
"1075","133.13200000000043","133.13200000000043","133.13200000000043"
"1076","128.46300000000042","128.46300000000042","128.46300000000042"
"1077","128.1200000000004","128.1200000000004","128.1200000000004"
"1078","128.1950000000004","128.1950000000004","128.1950000000004"
"1079","128.3850000000004","128.3850000000004","128.3850000000004"
"1080","127.8620000000004","127.8620000000004","127.8620000000004"
"1081","132.95300000000043","132.95300000000043","132.95300000000043"
"1082","134.16300000000044","134.16300000000044","134.16300000000044"
"1083","134.80600000000044","134.80600000000044","134.80600000000044"
"1084","134.75200000000044","134.75200000000044","134.75200000000044"
"1085","135.75800000000044","135.75800000000044","135.75800000000044"
"1086","135.34600000000043","135.34600000000043","135.34600000000043"
"1087","133.94300000000044","133.94300000000044","133.94300000000044"
"1088","134.43900000000048","134.43900000000048","134.43900000000048"
"1089","134.09400000000042","134.09400000000042","134.09400000000042"
"1090","134.17900000000043","134.17900000000043","134.17900000000043"
"1091","134.45300000000043","134.45300000000043","134.45300000000043"
"1092","135.32800000000043","135.32800000000043","135.32800000000043"
"1093","135.19800000000043","135.19800000000043","135.19800000000043"
"1094","135.96500000000043","135.96500000000043","135.96500000000043"
"1095","135.62500000000043","135.62500000000043","135.62500000000043"
"1096","136.37700000000044","136.37700000000044","136.37700000000044"
"1097","135.83400000000043","135.83400000000043","135.83400000000043"
"1098","135.27500000000046","135.27500000000046","135.27500000000046"
"1099","134.95800000000045","134.95800000000045","134.95800000000045"
"1100","135.00800000000044","135.00800000000044","135.00800000000044"
"1101","133.67000000000044","133.67000000000044","133.67000000000044"
"1102","133.39100000000042","133.39100000000042","133.39100000000042"
"1103","133.53500000000042","133.53500000000042","133.53500000000042"
"1104","133.56800000000044","133.56800000000044","133.56800000000044"
"1105","133.61100000000042","133.61100000000042","133.61100000000042"
"1106","135.11800000000042","135.11800000000042","135.11800000000042"
"1107","136.13000000000045","136.13000000000045","136.13000000000045"
"1108","136.76400000000044","136.76400000000044","136.76400000000044"
"1109","136.69500000000045","136.69500000000045","136.69500000000045"
"1110","125.39800000000038","125.39800000000038","125.39800000000038"
"1111","125.37700000000034","125.37700000000034","125.37700000000034"
"1112","124.48800000000037","124.48800000000037","124.48800000000037"
"1113","124.84600000000037","124.84600000000037","124.84600000000037"
"1114","124.80800000000039","124.80800000000039","124.80800000000039"
"1115","134.87700000000044","134.87700000000044","134.87700000000044"
"1116","134.19700000000043","134.19700000000043","134.19700000000043"
"1117","134.74900000000045","134.74900000000045","134.74900000000045"
"1118","134.91800000000043","134.91800000000043","134.91800000000043"
"1119","136.06800000000044","136.06800000000044","136.06800000000044"
"1120","135.98000000000044","135.98000000000044","135.98000000000044"
"1121","136.23100000000042","136.23100000000042","136.23100000000042"
"1122","136.03700000000043","136.03700000000043","136.03700000000043"
"1123","135.41900000000044","135.41900000000044","135.41900000000044"
"1124","135.00300000000044","135.00300000000044","135.00300000000044"
"1125","134.90300000000042","134.90300000000042","134.90300000000042"
"1126","135.21800000000042","135.21800000000042","135.21800000000042"
"1127","134.59700000000043","134.59700000000043","134.59700000000043"
"1128","135.26300000000043","135.26300000000043","135.26300000000043"
"1129","135.74600000000046","135.74600000000046","135.74600000000046"
"1130","135.96400000000042","135.96400000000042","135.96400000000042"
"1131","136.39400000000046","136.39400000000046","136.39400000000046"
"1132","136.92000000000044","136.92000000000044","136.92000000000044"
"1133","136.72700000000043","136.72700000000043","136.72700000000043"
"1134","135.62300000000045","135.62300000000045","135.62300000000045"
"1135","134.02200000000042","134.02200000000042","134.02200000000042"
"1136","132.79100000000045","132.79100000000045","132.79100000000045"
"1137","131.95800000000042","131.95800000000042","131.95800000000042"
"1138","132.42100000000042","132.42100000000042","132.42100000000042"
"1139","132.0500000000004","132.0500000000004","132.0500000000004"
"1140","132.84400000000042","132.84400000000042","132.84400000000042"
"1141","133.15100000000044","133.15100000000044","133.15100000000044"
"1142","133.77400000000046","133.77400000000046","133.77400000000046"
"1143","133.75300000000044","133.75300000000044","133.75300000000044"
"1144","134.88100000000043","134.88100000000043","134.88100000000043"
"1145","134.70500000000047","134.70500000000047","134.70500000000047"
"1146","135.37700000000044","135.37700000000044","135.37700000000044"
"1147","135.31200000000044","135.31200000000044","135.31200000000044"
"1148","135.30500000000043","135.30500000000043","135.30500000000043"
"1149","135.21300000000042","135.21300000000042","135.21300000000042"
"1150","135.37200000000044","135.37200000000044","135.37200000000044"
"1151","134.71400000000042","134.71400000000042","134.71400000000042"
"1152","134.29200000000046","134.29200000000046","134.29200000000046"
"1153","134.04000000000045","134.04000000000045","134.04000000000045"
"1154","134.3010000000004","134.3010000000004","134.3010000000004"
"1155","133.96500000000043","133.96500000000043","133.96500000000043"
"1156","134.20400000000043","134.20400000000043","134.20400000000043"
"1157","134.44700000000046","134.44700000000046","134.44700000000046"
"1158","134.51500000000044","134.51500000000044","134.51500000000044"
"1159","133.96400000000042","133.96400000000042","133.96400000000042"
"1160","133.63300000000044","133.63300000000044","133.63300000000044"
"1161","134.17800000000045","134.17800000000045","134.17800000000045"
"1162","133.77100000000044","133.77100000000044","133.77100000000044"
"1163","134.33400000000043","134.33400000000043","134.33400000000043"
"1164","133.46000000000043","133.46000000000043","133.46000000000043"
"1165","133.37100000000046","133.37100000000046","133.37100000000046"
"1166","133.02200000000042","133.02200000000042","133.02200000000042"
"1167","133.2320000000004","133.2320000000004","133.2320000000004"
"1168","132.76200000000046","132.76200000000046","132.76200000000046"
"1169","134.17100000000045","134.17100000000045","134.17100000000045"
"1170","133.39200000000042","133.39200000000042","133.39200000000042"
"1171","133.62800000000044","133.62800000000044","133.62800000000044"
"1172","133.37700000000044","133.37700000000044","133.37700000000044"
"1173","132.71100000000044","132.71100000000044","132.71100000000044"
"1174","131.66100000000043","131.66100000000043","131.66100000000043"
"1175","131.83000000000044","131.83000000000044","131.83000000000044"
"1176","131.79600000000045","131.79600000000045","131.79600000000045"
"1177","131.4670000000004","131.4670000000004","131.4670000000004"