"Step","simple_3by3_01_07_03_run_arrival_change_201_011_simple_linear_2025-06-18_13-08-06 - reward","simple_3by3_01_07_03_run_arrival_change_201_011_simple_linear_2025-06-18_13-08-06 - reward__MIN","simple_3by3_01_07_03_run_arrival_change_201_011_simple_linear_2025-06-18_13-08-06 - reward__MAX"
"0","-88.03999999999994","-88.03999999999994","-88.03999999999994"
"1","-86.17999999999994","-86.17999999999994","-86.17999999999994"
"2","-85.25399999999995","-85.25399999999995","-85.25399999999995"
"3","-87.94199999999995","-87.94199999999995","-87.94199999999995"
"4","-89.89899999999997","-89.89899999999997","-89.89899999999997"
"5","-91.181","-91.181","-91.181"
"6","-92.51500000000001","-92.51500000000001","-92.51500000000001"
"7","-93.531","-93.531","-93.531"
"8","-91.43","-91.43","-91.43"
"9","-90.24600000000002","-90.24600000000002","-90.24600000000002"
"10","-89.76800000000001","-89.76800000000001","-89.76800000000001"
"11","-90.00399999999998","-90.00399999999998","-90.00399999999998"
"12","-89.83200000000001","-89.83200000000001","-89.83200000000001"
"13","-89.65299999999999","-89.65299999999999","-89.65299999999999"
"14","-89.77199999999999","-89.77199999999999","-89.77199999999999"
"15","-89.59599999999999","-89.59599999999999","-89.59599999999999"
"16","-88.61699999999999","-88.61699999999999","-88.61699999999999"
"17","-88.14399999999998","-88.14399999999998","-88.14399999999998"
"18","-88.06","-88.06","-88.06"
"19","-87.79599999999996","-87.79599999999996","-87.79599999999996"
"20","-86.603","-86.603","-86.603"
"21","-87.48999999999997","-87.48999999999997","-87.48999999999997"
"22","-88.03299999999997","-88.03299999999997","-88.03299999999997"
"23","-88.42199999999995","-88.42199999999995","-88.42199999999995"
"24","-88.44599999999997","-88.44599999999997","-88.44599999999997"
"25","-88.05699999999999","-88.05699999999999","-88.05699999999999"
"26","-86.17799999999997","-86.17799999999997","-86.17799999999997"
"27","-85.04499999999996","-85.04499999999996","-85.04499999999996"
"28","-83.33699999999997","-83.33699999999997","-83.33699999999997"
"29","-81.88199999999998","-81.88199999999998","-81.88199999999998"
"30","-81.69099999999996","-81.69099999999996","-81.69099999999996"
"31","-81.38999999999996","-81.38999999999996","-81.38999999999996"
"32","-79.55899999999995","-79.55899999999995","-79.55899999999995"
"33","-77.86699999999996","-77.86699999999996","-77.86699999999996"
"34","-75.26299999999998","-75.26299999999998","-75.26299999999998"
"35","-73.73499999999996","-73.73499999999996","-73.73499999999996"
"36","-71.87199999999997","-71.87199999999997","-71.87199999999997"
"37","-69.35899999999997","-69.35899999999997","-69.35899999999997"
"38","-69.68699999999998","-69.68699999999998","-69.68699999999998"
"39","-69.32","-69.32","-69.32"
"40","-66.77999999999999","-66.77999999999999","-66.77999999999999"
"41","-65.71499999999997","-65.71499999999997","-65.71499999999997"
"42","-65.10999999999999","-65.10999999999999","-65.10999999999999"
"43","-62.16199999999998","-62.16199999999998","-62.16199999999998"
"44","-60.63199999999999","-60.63199999999999","-60.63199999999999"
"45","-59.137999999999984","-59.137999999999984","-59.137999999999984"
"46","-57.743999999999986","-57.743999999999986","-57.743999999999986"
"47","-55.52099999999999","-55.52099999999999","-55.52099999999999"
"48","-52.132000000000005","-52.132000000000005","-52.132000000000005"
"49","-47.843","-47.843","-47.843"
"50","-42.31200000000002","-42.31200000000002","-42.31200000000002"
"51","-35.11700000000002","-35.11700000000002","-35.11700000000002"
"52","-28.757000000000016","-28.757000000000016","-28.757000000000016"
"53","-21.78400000000001","-21.78400000000001","-21.78400000000001"
"54","-15.48300000000001","-15.48300000000001","-15.48300000000001"
"55","-10.797","-10.797","-10.797"
"56","-8.078000000000001","-8.078000000000001","-8.078000000000001"
"57","-7.156000000000001","-7.156000000000001","-7.156000000000001"
"58","-7.597","-7.597","-7.597"
"59","-5.534999999999999","-5.534999999999999","-5.534999999999999"
"60","-5.410999999999998","-5.410999999999998","-5.410999999999998"
"61","-2.4599999999999995","-2.4599999999999995","-2.4599999999999995"
"62","1.8410000000000009","1.8410000000000009","1.8410000000000009"
"63","5.092","5.092","5.092"
"64","7.219999999999998","7.219999999999998","7.219999999999998"
"65","11.109999999999992","11.109999999999992","11.109999999999992"
"66","12.582999999999991","12.582999999999991","12.582999999999991"
"67","14.912999999999988","14.912999999999988","14.912999999999988"
"68","17.69499999999998","17.69499999999998","17.69499999999998"
"69","19.44199999999998","19.44199999999998","19.44199999999998"
"70","21.39199999999997","21.39199999999997","21.39199999999997"
"71","23.82299999999997","23.82299999999997","23.82299999999997"
"72","25.948999999999966","25.948999999999966","25.948999999999966"
"73","28.255999999999958","28.255999999999958","28.255999999999958"
"74","29.664999999999953","29.664999999999953","29.664999999999953"
"75","32.156999999999954","32.156999999999954","32.156999999999954"
"76","33.22599999999994","33.22599999999994","33.22599999999994"
"77","34.41099999999996","34.41099999999996","34.41099999999996"
"78","35.82499999999995","35.82499999999995","35.82499999999995"
"79","37.781999999999954","37.781999999999954","37.781999999999954"
"80","39.30999999999995","39.30999999999995","39.30999999999995"
"81","40.99399999999995","40.99399999999995","40.99399999999995"
"82","41.88899999999995","41.88899999999995","41.88899999999995"
"83","42.01699999999996","42.01699999999996","42.01699999999996"
"84","41.88899999999995","41.88899999999995","41.88899999999995"
"85","41.95199999999994","41.95199999999994","41.95199999999994"
"86","42.55199999999995","42.55199999999995","42.55199999999995"
"87","43.561999999999955","43.561999999999955","43.561999999999955"
"88","44.31899999999996","44.31899999999996","44.31899999999996"
"89","45.59399999999996","45.59399999999996","45.59399999999996"
"90","46.97899999999994","46.97899999999994","46.97899999999994"
"91","37.278999999999954","37.278999999999954","37.278999999999954"
"92","26.88499999999997","26.88499999999997","26.88499999999997"
"93","13.51699999999997","13.51699999999997","13.51699999999997"
"94","-5.167000000000019","-5.167000000000019","-5.167000000000019"
"95","-22.90400000000001","-22.90400000000001","-22.90400000000001"
"96","-31.71600000000001","-31.71600000000001","-31.71600000000001"
"97","-37.58300000000001","-37.58300000000001","-37.58300000000001"
"98","-41.20000000000001","-41.20000000000001","-41.20000000000001"
"99","-45.45600000000001","-45.45600000000001","-45.45600000000001"
"100","-44.472","-44.472","-44.472"
"101","-43.699000000000005","-43.699000000000005","-43.699000000000005"
"102","-46.08300000000002","-46.08300000000002","-46.08300000000002"
"103","-49.49600000000001","-49.49600000000001","-49.49600000000001"
"104","-51.818000000000026","-51.818000000000026","-51.818000000000026"
"105","-57.219000000000015","-57.219000000000015","-57.219000000000015"
"106","-59.701000000000015","-59.701000000000015","-59.701000000000015"
"107","-61.664000000000016","-61.664000000000016","-61.664000000000016"
"108","-60.390000000000015","-60.390000000000015","-60.390000000000015"
"109","-59.46900000000001","-59.46900000000001","-59.46900000000001"
"110","-58.106000000000016","-58.106000000000016","-58.106000000000016"
"111","-56.277000000000015","-56.277000000000015","-56.277000000000015"
"112","-54.762000000000015","-54.762000000000015","-54.762000000000015"
"113","-54.262000000000015","-54.262000000000015","-54.262000000000015"
"114","-50.53300000000001","-50.53300000000001","-50.53300000000001"
"115","-49.602000000000025","-49.602000000000025","-49.602000000000025"
"116","-49.426000000000016","-49.426000000000016","-49.426000000000016"
"117","-50.054000000000016","-50.054000000000016","-50.054000000000016"
"118","-50.34500000000002","-50.34500000000002","-50.34500000000002"
"119","-52.53300000000001","-52.53300000000001","-52.53300000000001"
"120","-53.07900000000002","-53.07900000000002","-53.07900000000002"
"121","-51.691000000000024","-51.691000000000024","-51.691000000000024"
"122","-50.42600000000002","-50.42600000000002","-50.42600000000002"
"123","-47.39200000000002","-47.39200000000002","-47.39200000000002"
"124","-44.90600000000002","-44.90600000000002","-44.90600000000002"
"125","-42.24900000000003","-42.24900000000003","-42.24900000000003"
"126","-41.13100000000002","-41.13100000000002","-41.13100000000002"
"127","-39.941000000000024","-39.941000000000024","-39.941000000000024"
"128","-40.443000000000026","-40.443000000000026","-40.443000000000026"
"129","-39.380000000000024","-39.380000000000024","-39.380000000000024"
"130","-38.07100000000002","-38.07100000000002","-38.07100000000002"
"131","-36.37800000000002","-36.37800000000002","-36.37800000000002"
"132","-34.44300000000002","-34.44300000000002","-34.44300000000002"
"133","-32.700000000000024","-32.700000000000024","-32.700000000000024"
"134","-30.51400000000002","-30.51400000000002","-30.51400000000002"
"135","-27.336000000000023","-27.336000000000023","-27.336000000000023"
"136","-25.37900000000002","-25.37900000000002","-25.37900000000002"
"137","-22.242000000000022","-22.242000000000022","-22.242000000000022"
"138","-19.367000000000015","-19.367000000000015","-19.367000000000015"
"139","-16.990000000000013","-16.990000000000013","-16.990000000000013"
"140","-16.392000000000007","-16.392000000000007","-16.392000000000007"
"141","-17.46200000000001","-17.46200000000001","-17.46200000000001"
"142","-15.79000000000001","-15.79000000000001","-15.79000000000001"
"143","-15.441000000000008","-15.441000000000008","-15.441000000000008"
"144","-14.973000000000008","-14.973000000000008","-14.973000000000008"
"145","-14.16300000000001","-14.16300000000001","-14.16300000000001"
"146","-11.840000000000005","-11.840000000000005","-11.840000000000005"
"147","-10.386000000000006","-10.386000000000006","-10.386000000000006"
"148","-8.42600000000001","-8.42600000000001","-8.42600000000001"
"149","-6.641000000000008","-6.641000000000008","-6.641000000000008"
"150","-3.3040000000000136","-3.3040000000000136","-3.3040000000000136"
"151","-2.5980000000000145","-2.5980000000000145","-2.5980000000000145"
"152","-5.039000000000018","-5.039000000000018","-5.039000000000018"
"153","-8.298000000000016","-8.298000000000016","-8.298000000000016"
"154","-9.341000000000015","-9.341000000000015","-9.341000000000015"
"155","-11.222000000000012","-11.222000000000012","-11.222000000000012"
"156","-9.886000000000012","-9.886000000000012","-9.886000000000012"
"157","-7.20100000000001","-7.20100000000001","-7.20100000000001"
"158","-5.399000000000012","-5.399000000000012","-5.399000000000012"
"159","-4.079000000000011","-4.079000000000011","-4.079000000000011"
"160","-1.01900000000001","-1.01900000000001","-1.01900000000001"
"161","1.891999999999986","1.891999999999986","1.891999999999986"
"162","3.5429999999999877","3.5429999999999877","3.5429999999999877"
"163","5.712999999999985","5.712999999999985","5.712999999999985"
"164","8.756999999999982","8.756999999999982","8.756999999999982"
"165","8.989999999999982","8.989999999999982","8.989999999999982"
"166","7.732999999999981","7.732999999999981","7.732999999999981"
"167","8.680999999999981","8.680999999999981","8.680999999999981"
"168","9.248999999999985","9.248999999999985","9.248999999999985"
"169","7.883999999999986","7.883999999999986","7.883999999999986"
"170","8.229999999999984","8.229999999999984","8.229999999999984"
"171","8.508999999999984","8.508999999999984","8.508999999999984"
"172","7.636999999999981","7.636999999999981","7.636999999999981"
"173","7.435999999999982","7.435999999999982","7.435999999999982"
"174","7.264999999999981","7.264999999999981","7.264999999999981"
"175","9.259999999999977","9.259999999999977","9.259999999999977"
"176","9.71599999999998","9.71599999999998","9.71599999999998"
"177","13.230999999999979","13.230999999999979","13.230999999999979"
"178","13.58399999999998","13.58399999999998","13.58399999999998"
"179","13.58199999999998","13.58199999999998","13.58199999999998"
"180","10.842999999999984","10.842999999999984","10.842999999999984"
"181","8.994999999999983","8.994999999999983","8.994999999999983"
"182","7.199999999999988","7.199999999999988","7.199999999999988"
"183","4.927999999999985","4.927999999999985","4.927999999999985"
"184","5.286999999999985","5.286999999999985","5.286999999999985"
"185","7.419999999999982","7.419999999999982","7.419999999999982"
"186","9.94999999999998","9.94999999999998","9.94999999999998"
"187","11.01599999999998","11.01599999999998","11.01599999999998"
"188","13.756999999999982","13.756999999999982","13.756999999999982"
"189","13.47899999999998","13.47899999999998","13.47899999999998"
"190","14.668999999999977","14.668999999999977","14.668999999999977"
"191","11.953999999999978","11.953999999999978","11.953999999999978"
"192","14.373999999999977","14.373999999999977","14.373999999999977"
"193","14.86499999999997","14.86499999999997","14.86499999999997"
"194","15.124999999999975","15.124999999999975","15.124999999999975"
"195","17.34499999999997","17.34499999999997","17.34499999999997"
"196","18.088999999999974","18.088999999999974","18.088999999999974"
"197","18.43999999999997","18.43999999999997","18.43999999999997"
"198","20.40799999999997","20.40799999999997","20.40799999999997"
"199","19.471999999999966","19.471999999999966","19.471999999999966"
"200","21.13899999999996","21.13899999999996","21.13899999999996"
"201","20.80199999999996","20.80199999999996","20.80199999999996"
"202","20.218999999999962","20.218999999999962","20.218999999999962"
"203","18.152999999999967","18.152999999999967","18.152999999999967"
"204","18.01799999999996","18.01799999999996","18.01799999999996"
"205","15.400999999999971","15.400999999999971","15.400999999999971"
"206","16.24199999999997","16.24199999999997","16.24199999999997"
"207","17.64899999999997","17.64899999999997","17.64899999999997"
"208","19.03399999999997","19.03399999999997","19.03399999999997"
"209","18.868999999999964","18.868999999999964","18.868999999999964"
"210","20.006999999999966","20.006999999999966","20.006999999999966"
"211","20.622999999999966","20.622999999999966","20.622999999999966"
"212","21.008999999999965","21.008999999999965","21.008999999999965"
"213","22.012999999999966","22.012999999999966","22.012999999999966"
"214","23.490999999999968","23.490999999999968","23.490999999999968"
"215","25.127999999999965","25.127999999999965","25.127999999999965"
"216","24.46899999999996","24.46899999999996","24.46899999999996"
"217","27.084999999999958","27.084999999999958","27.084999999999958"
"218","27.549999999999955","27.549999999999955","27.549999999999955"
"219","28.157999999999948","28.157999999999948","28.157999999999948"
"220","28.99299999999995","28.99299999999995","28.99299999999995"
"221","29.086999999999946","29.086999999999946","29.086999999999946"
"222","27.527999999999956","27.527999999999956","27.527999999999956"
"223","27.848999999999943","27.848999999999943","27.848999999999943"
"224","27.989999999999956","27.989999999999956","27.989999999999956"
"225","28.816999999999947","28.816999999999947","28.816999999999947"
"226","29.13799999999995","29.13799999999995","29.13799999999995"
"227","30.26099999999995","30.26099999999995","30.26099999999995"
"228","29.558999999999948","29.558999999999948","29.558999999999948"
"229","29.18999999999995","29.18999999999995","29.18999999999995"
"230","28.53099999999995","28.53099999999995","28.53099999999995"
"231","28.465999999999948","28.465999999999948","28.465999999999948"
"232","27.733999999999952","27.733999999999952","27.733999999999952"
"233","27.846999999999948","27.846999999999948","27.846999999999948"
"234","26.58199999999995","26.58199999999995","26.58199999999995"
"235","26.722999999999956","26.722999999999956","26.722999999999956"
"236","27.134999999999955","27.134999999999955","27.134999999999955"
"237","28.702999999999957","28.702999999999957","28.702999999999957"
"238","29.586999999999946","29.586999999999946","29.586999999999946"
"239","29.85699999999995","29.85699999999995","29.85699999999995"
"240","30.97499999999995","30.97499999999995","30.97499999999995"
"241","30.47499999999995","30.47499999999995","30.47499999999995"
"242","29.706999999999947","29.706999999999947","29.706999999999947"
"243","30.82199999999995","30.82199999999995","30.82199999999995"
"244","31.69999999999995","31.69999999999995","31.69999999999995"
"245","31.654999999999944","31.654999999999944","31.654999999999944"
"246","32.80799999999995","32.80799999999995","32.80799999999995"
"247","31.969999999999935","31.969999999999935","31.969999999999935"
"248","32.25099999999995","32.25099999999995","32.25099999999995"
"249","31.85599999999995","31.85599999999995","31.85599999999995"
"250","31.776999999999948","31.776999999999948","31.776999999999948"
"251","32.218999999999944","32.218999999999944","32.218999999999944"
"252","32.82099999999994","32.82099999999994","32.82099999999994"
"253","32.23899999999994","32.23899999999994","32.23899999999994"
"254","29.54599999999995","29.54599999999995","29.54599999999995"
"255","29.797999999999938","29.797999999999938","29.797999999999938"
"256","29.04499999999995","29.04499999999995","29.04499999999995"
"257","29.87699999999995","29.87699999999995","29.87699999999995"
"258","31.283999999999942","31.283999999999942","31.283999999999942"
"259","36.62999999999994","36.62999999999994","36.62999999999994"
"260","35.97499999999994","35.97499999999994","35.97499999999994"
"261","38.47999999999995","38.47999999999995","38.47999999999995"
"262","40.176999999999936","40.176999999999936","40.176999999999936"
"263","39.890999999999934","39.890999999999934","39.890999999999934"
"264","40.814999999999934","40.814999999999934","40.814999999999934"
"265","40.905999999999935","40.905999999999935","40.905999999999935"
"266","39.38899999999994","39.38899999999994","39.38899999999994"
"267","39.32099999999994","39.32099999999994","39.32099999999994"
"268","38.68299999999995","38.68299999999995","38.68299999999995"
"269","37.084999999999944","37.084999999999944","37.084999999999944"
"270","36.60199999999994","36.60199999999994","36.60199999999994"
"271","36.71799999999994","36.71799999999994","36.71799999999994"
"272","36.81299999999994","36.81299999999994","36.81299999999994"
"273","36.844999999999935","36.844999999999935","36.844999999999935"
"274","37.24199999999993","37.24199999999993","37.24199999999993"
"275","39.37199999999994","39.37199999999994","39.37199999999994"
"276","39.45299999999993","39.45299999999993","39.45299999999993"
"277","40.28999999999994","40.28999999999994","40.28999999999994"
"278","40.25599999999994","40.25599999999994","40.25599999999994"
"279","40.30499999999993","40.30499999999993","40.30499999999993"
"280","40.085999999999935","40.085999999999935","40.085999999999935"
"281","39.33799999999994","39.33799999999994","39.33799999999994"
"282","38.152999999999935","38.152999999999935","38.152999999999935"
"283","38.056999999999945","38.056999999999945","38.056999999999945"
"284","39.01099999999994","39.01099999999994","39.01099999999994"
"285","38.48299999999994","38.48299999999994","38.48299999999994"
"286","38.87599999999995","38.87599999999995","38.87599999999995"
"287","39.39599999999994","39.39599999999994","39.39599999999994"
"288","40.039999999999935","40.039999999999935","40.039999999999935"
"289","39.64499999999994","39.64499999999994","39.64499999999994"
"290","40.24599999999993","40.24599999999993","40.24599999999993"
"291","40.96599999999994","40.96599999999994","40.96599999999994"
"292","42.70099999999993","42.70099999999993","42.70099999999993"
"293","42.55399999999993","42.55399999999993","42.55399999999993"
"294","43.33299999999994","43.33299999999994","43.33299999999994"
"295","43.150999999999925","43.150999999999925","43.150999999999925"
"296","42.870999999999924","42.870999999999924","42.870999999999924"
"297","41.524999999999935","41.524999999999935","41.524999999999935"
"298","42.273999999999944","42.273999999999944","42.273999999999944"
"299","40.353999999999935","40.353999999999935","40.353999999999935"
"300","42.357999999999926","42.357999999999926","42.357999999999926"
"301","42.64499999999994","42.64499999999994","42.64499999999994"
"302","44.219999999999935","44.219999999999935","44.219999999999935"
"303","42.35599999999993","42.35599999999993","42.35599999999993"
"304","42.63599999999993","42.63599999999993","42.63599999999993"
"305","39.87999999999994","39.87999999999994","39.87999999999994"
"306","40.408999999999935","40.408999999999935","40.408999999999935"
"307","38.26199999999994","38.26199999999994","38.26199999999994"
"308","39.52399999999994","39.52399999999994","39.52399999999994"
"309","39.26299999999995","39.26299999999995","39.26299999999995"
"310","38.703999999999944","38.703999999999944","38.703999999999944"
"311","38.55999999999994","38.55999999999994","38.55999999999994"
"312","39.81099999999994","39.81099999999994","39.81099999999994"
"313","38.63599999999994","38.63599999999994","38.63599999999994"
"314","40.00699999999994","40.00699999999994","40.00699999999994"
"315","41.21599999999994","41.21599999999994","41.21599999999994"
"316","40.95999999999994","40.95999999999994","40.95999999999994"
"317","42.56799999999993","42.56799999999993","42.56799999999993"
"318","44.491999999999926","44.491999999999926","44.491999999999926"
"319","43.103999999999935","43.103999999999935","43.103999999999935"
"320","43.74899999999993","43.74899999999993","43.74899999999993"
"321","43.39999999999993","43.39999999999993","43.39999999999993"
"322","41.658999999999935","41.658999999999935","41.658999999999935"
"323","41.53099999999993","41.53099999999993","41.53099999999993"
"324","41.481999999999935","41.481999999999935","41.481999999999935"
"325","42.557999999999936","42.557999999999936","42.557999999999936"
"326","42.61899999999992","42.61899999999992","42.61899999999992"
"327","45.41099999999993","45.41099999999993","45.41099999999993"
"328","45.13699999999994","45.13699999999994","45.13699999999994"
"329","45.39799999999993","45.39799999999993","45.39799999999993"
"330","45.42799999999992","45.42799999999992","45.42799999999992"
"331","44.818999999999924","44.818999999999924","44.818999999999924"
"332","43.721999999999916","43.721999999999916","43.721999999999916"
"333","45.16499999999992","45.16499999999992","45.16499999999992"
"334","43.854999999999926","43.854999999999926","43.854999999999926"
"335","44.54199999999994","44.54199999999994","44.54199999999994"
"336","44.65899999999994","44.65899999999994","44.65899999999994"
"337","46.121999999999936","46.121999999999936","46.121999999999936"
"338","46.17199999999993","46.17199999999993","46.17199999999993"
"339","47.477999999999945","47.477999999999945","47.477999999999945"
"340","47.90099999999994","47.90099999999994","47.90099999999994"
"341","47.63199999999993","47.63199999999993","47.63199999999993"
"342","46.944999999999936","46.944999999999936","46.944999999999936"
"343","45.04399999999993","45.04399999999993","45.04399999999993"
"344","42.65499999999993","42.65499999999993","42.65499999999993"
"345","41.98899999999994","41.98899999999994","41.98899999999994"
"346","41.34399999999993","41.34399999999993","41.34399999999993"
"347","41.64599999999994","41.64599999999994","41.64599999999994"
"348","42.65099999999993","42.65099999999993","42.65099999999993"
"349","44.719999999999935","44.719999999999935","44.719999999999935"
"350","48.409999999999926","48.409999999999926","48.409999999999926"
"351","48.40399999999993","48.40399999999993","48.40399999999993"
"352","48.786999999999935","48.786999999999935","48.786999999999935"
"353","48.00299999999993","48.00299999999993","48.00299999999993"
"354","46.928999999999945","46.928999999999945","46.928999999999945"
"355","45.056999999999945","45.056999999999945","45.056999999999945"
"356","42.231999999999935","42.231999999999935","42.231999999999935"
"357","42.96499999999995","42.96499999999995","42.96499999999995"
"358","43.23699999999994","43.23699999999994","43.23699999999994"
"359","43.55399999999993","43.55399999999993","43.55399999999993"
"360","43.587999999999944","43.587999999999944","43.587999999999944"
"361","46.55699999999993","46.55699999999993","46.55699999999993"
"362","49.67299999999993","49.67299999999993","49.67299999999993"
"363","49.862999999999936","49.862999999999936","49.862999999999936"
"364","49.63599999999994","49.63599999999994","49.63599999999994"
"365","50.78599999999993","50.78599999999993","50.78599999999993"
"366","50.05799999999995","50.05799999999995","50.05799999999995"
"367","49.18399999999993","49.18399999999993","49.18399999999993"
"368","49.581999999999915","49.581999999999915","49.581999999999915"
"369","50.283999999999914","50.283999999999914","50.283999999999914"
"370","49.41999999999994","49.41999999999994","49.41999999999994"
"371","49.50599999999993","49.50599999999993","49.50599999999993"
"372","50.23499999999993","50.23499999999993","50.23499999999993"
"373","49.35499999999993","49.35499999999993","49.35499999999993"
"374","48.67299999999993","48.67299999999993","48.67299999999993"
"375","51.099999999999916","51.099999999999916","51.099999999999916"
"376","50.53299999999993","50.53299999999993","50.53299999999993"
"377","50.57499999999994","50.57499999999994","50.57499999999994"
"378","50.658999999999935","50.658999999999935","50.658999999999935"
"379","50.151999999999944","50.151999999999944","50.151999999999944"
"380","49.16099999999994","49.16099999999994","49.16099999999994"
"381","48.82299999999993","48.82299999999993","48.82299999999993"
"382","46.971999999999944","46.971999999999944","46.971999999999944"
"383","45.30999999999995","45.30999999999995","45.30999999999995"
"384","44.95799999999995","44.95799999999995","44.95799999999995"
"385","43.83999999999994","43.83999999999994","43.83999999999994"
"386","46.71799999999994","46.71799999999994","46.71799999999994"
"387","47.799999999999926","47.799999999999926","47.799999999999926"
"388","47.58399999999993","47.58399999999993","47.58399999999993"
"389","48.83799999999993","48.83799999999993","48.83799999999993"
"390","50.417999999999935","50.417999999999935","50.417999999999935"
"391","49.037999999999926","49.037999999999926","49.037999999999926"
"392","50.099999999999945","50.099999999999945","50.099999999999945"
"393","51.27899999999994","51.27899999999994","51.27899999999994"
"394","50.552999999999926","50.552999999999926","50.552999999999926"
"395","48.55099999999993","48.55099999999993","48.55099999999993"
"396","49.07599999999993","49.07599999999993","49.07599999999993"
"397","46.17899999999993","46.17899999999993","46.17899999999993"
"398","44.68099999999993","44.68099999999993","44.68099999999993"
"399","42.73599999999994","42.73599999999994","42.73599999999994"
"400","44.54999999999993","44.54999999999993","44.54999999999993"
"401","44.91999999999994","44.91999999999994","44.91999999999994"
"402","45.85499999999995","45.85499999999995","45.85499999999995"
"403","45.70199999999994","45.70199999999994","45.70199999999994"
"404","45.98599999999995","45.98599999999995","45.98599999999995"
"405","44.20099999999995","44.20099999999995","44.20099999999995"
"406","43.85599999999994","43.85599999999994","43.85599999999994"
"407","43.66999999999994","43.66999999999994","43.66999999999994"
"408","44.48199999999993","44.48199999999993","44.48199999999993"
"409","46.44499999999993","46.44499999999993","46.44499999999993"
"410","46.67899999999993","46.67899999999993","46.67899999999993"
"411","47.17799999999994","47.17799999999994","47.17799999999994"
"412","49.34499999999992","49.34499999999992","49.34499999999992"
"413","49.500999999999934","49.500999999999934","49.500999999999934"
"414","48.84299999999993","48.84299999999993","48.84299999999993"
"415","50.18099999999992","50.18099999999992","50.18099999999992"
"416","49.21799999999993","49.21799999999993","49.21799999999993"
"417","50.38399999999993","50.38399999999993","50.38399999999993"
"418","49.88199999999993","49.88199999999993","49.88199999999993"
"419","50.04999999999991","50.04999999999991","50.04999999999991"
"420","51.71399999999992","51.71399999999992","51.71399999999992"
"421","51.76099999999994","51.76099999999994","51.76099999999994"
"422","50.29199999999992","50.29199999999992","50.29199999999992"
"423","51.84999999999994","51.84999999999994","51.84999999999994"
"424","52.04699999999992","52.04699999999992","52.04699999999992"
"425","53.03399999999992","53.03399999999992","53.03399999999992"
"426","53.33099999999993","53.33099999999993","53.33099999999993"
"427","54.328999999999944","54.328999999999944","54.328999999999944"
"428","54.96499999999994","54.96499999999994","54.96499999999994"
"429","52.620999999999924","52.620999999999924","52.620999999999924"
"430","51.552999999999926","51.552999999999926","51.552999999999926"
"431","51.88199999999993","51.88199999999993","51.88199999999993"
"432","50.52499999999993","50.52499999999993","50.52499999999993"
"433","50.25799999999992","50.25799999999992","50.25799999999992"
"434","50.25799999999994","50.25799999999994","50.25799999999994"
"435","51.49299999999993","51.49299999999993","51.49299999999993"
"436","51.788999999999945","51.788999999999945","51.788999999999945"
"437","52.35399999999994","52.35399999999994","52.35399999999994"
"438","52.85899999999995","52.85899999999995","52.85899999999995"
"439","53.78199999999995","53.78199999999995","53.78199999999995"
"440","54.384999999999934","54.384999999999934","54.384999999999934"
"441","52.706999999999944","52.706999999999944","52.706999999999944"
"442","52.63999999999994","52.63999999999994","52.63999999999994"
"443","52.071999999999925","52.071999999999925","52.071999999999925"
"444","50.83799999999993","50.83799999999993","50.83799999999993"
"445","50.47599999999994","50.47599999999994","50.47599999999994"
"446","51.14799999999992","51.14799999999992","51.14799999999992"
"447","50.854999999999926","50.854999999999926","50.854999999999926"
"448","51.774999999999935","51.774999999999935","51.774999999999935"
"449","51.34999999999993","51.34999999999993","51.34999999999993"
"450","51.48799999999992","51.48799999999992","51.48799999999992"
"451","50.908999999999935","50.908999999999935","50.908999999999935"
"452","51.94499999999993","51.94499999999993","51.94499999999993"
"453","50.746999999999936","50.746999999999936","50.746999999999936"
"454","50.968999999999944","50.968999999999944","50.968999999999944"
"455","50.88399999999994","50.88399999999994","50.88399999999994"
"456","52.20099999999994","52.20099999999994","52.20099999999994"
"457","51.37399999999993","51.37399999999993","51.37399999999993"
"458","51.88499999999993","51.88499999999993","51.88499999999993"
"459","51.129999999999924","51.129999999999924","51.129999999999924"
"460","50.17199999999993","50.17199999999993","50.17199999999993"
"461","48.938999999999936","48.938999999999936","48.938999999999936"
"462","50.39299999999994","50.39299999999994","50.39299999999994"
"463","49.67399999999992","49.67399999999992","49.67399999999992"
"464","50.274999999999935","50.274999999999935","50.274999999999935"
"465","50.96499999999994","50.96499999999994","50.96499999999994"
"466","52.256999999999934","52.256999999999934","52.256999999999934"
"467","53.63999999999994","53.63999999999994","53.63999999999994"
"468","54.802999999999926","54.802999999999926","54.802999999999926"
"469","54.99799999999993","54.99799999999993","54.99799999999993"
"470","55.16299999999994","55.16299999999994","55.16299999999994"
"471","54.00399999999994","54.00399999999994","54.00399999999994"
"472","53.58199999999994","53.58199999999994","53.58199999999994"
"473","54.119999999999926","54.119999999999926","54.119999999999926"
"474","53.819999999999915","53.819999999999915","53.819999999999915"
"475","55.63399999999994","55.63399999999994","55.63399999999994"
"476","57.178999999999924","57.178999999999924","57.178999999999924"
"477","56.60599999999994","56.60599999999994","56.60599999999994"
"478","55.51499999999993","55.51499999999993","55.51499999999993"
"479","54.83599999999993","54.83599999999993","54.83599999999993"
"480","53.40199999999994","53.40199999999994","53.40199999999994"
"481","52.02999999999993","52.02999999999993","52.02999999999993"
"482","52.449999999999925","52.449999999999925","52.449999999999925"
"483","52.72099999999994","52.72099999999994","52.72099999999994"
"484","52.584999999999944","52.584999999999944","52.584999999999944"
"485","51.841999999999956","51.841999999999956","51.841999999999956"
"486","51.65499999999994","51.65499999999994","51.65499999999994"
"487","52.00199999999993","52.00199999999993","52.00199999999993"
"488","51.97299999999993","51.97299999999993","51.97299999999993"
"489","51.89699999999994","51.89699999999994","51.89699999999994"
"490","53.661999999999935","53.661999999999935","53.661999999999935"
"491","53.12199999999994","53.12199999999994","53.12199999999994"
"492","52.74699999999994","52.74699999999994","52.74699999999994"
"493","53.64299999999994","53.64299999999994","53.64299999999994"
"494","53.221999999999944","53.221999999999944","53.221999999999944"
"495","52.65299999999993","52.65299999999993","52.65299999999993"
"496","53.176999999999914","53.176999999999914","53.176999999999914"
"497","52.08099999999994","52.08099999999994","52.08099999999994"
"498","51.444999999999936","51.444999999999936","51.444999999999936"
"499","50.283999999999935","50.283999999999935","50.283999999999935"
"500","50.71299999999994","50.71299999999994","50.71299999999994"
"501","50.30299999999994","50.30299999999994","50.30299999999994"
"502","51.49699999999993","51.49699999999993","51.49699999999993"
"503","51.65499999999994","51.65499999999994","51.65499999999994"
"504","52.32599999999993","52.32599999999993","52.32599999999993"
"505","52.02399999999993","52.02399999999993","52.02399999999993"
"506","52.003999999999934","52.003999999999934","52.003999999999934"
"507","52.35199999999993","52.35199999999993","52.35199999999993"
"508","52.74799999999993","52.74799999999993","52.74799999999993"
"509","52.88899999999993","52.88899999999993","52.88899999999993"
"510","53.02299999999993","53.02299999999993","53.02299999999993"
"511","54.33999999999994","54.33999999999994","54.33999999999994"
"512","54.01699999999993","54.01699999999993","54.01699999999993"
"513","53.37499999999993","53.37499999999993","53.37499999999993"
"514","52.95699999999994","52.95699999999994","52.95699999999994"
"515","52.09299999999994","52.09299999999994","52.09299999999994"
"516","50.86799999999994","50.86799999999994","50.86799999999994"
"517","51.24699999999994","51.24699999999994","51.24699999999994"
"518","53.04599999999993","53.04599999999993","53.04599999999993"
"519","53.02199999999993","53.02199999999993","53.02199999999993"
"520","54.949999999999946","54.949999999999946","54.949999999999946"
"521","55.31799999999995","55.31799999999995","55.31799999999995"
"522","55.07599999999994","55.07599999999994","55.07599999999994"
"523","55.393999999999934","55.393999999999934","55.393999999999934"
"524","55.02699999999994","55.02699999999994","55.02699999999994"
"525","55.47899999999992","55.47899999999992","55.47899999999992"
"526","56.33699999999993","56.33699999999993","56.33699999999993"
"527","55.27699999999994","55.27699999999994","55.27699999999994"
"528","56.70299999999993","56.70299999999993","56.70299999999993"
"529","56.03299999999994","56.03299999999994","56.03299999999994"
"530","54.99299999999994","54.99299999999994","54.99299999999994"
"531","53.678999999999945","53.678999999999945","53.678999999999945"
"532","54.69299999999994","54.69299999999994","54.69299999999994"
"533","51.98899999999994","51.98899999999994","51.98899999999994"
"534","50.77099999999994","50.77099999999994","50.77099999999994"
"535","50.580999999999946","50.580999999999946","50.580999999999946"
"536","50.00299999999995","50.00299999999995","50.00299999999995"
"537","50.02699999999992","50.02699999999992","50.02699999999992"
"538","51.49799999999993","51.49799999999993","51.49799999999993"
"539","53.22799999999992","53.22799999999992","53.22799999999992"
"540","55.97799999999992","55.97799999999992","55.97799999999992"
"541","57.027999999999935","57.027999999999935","57.027999999999935"
"542","58.607999999999926","58.607999999999926","58.607999999999926"
"543","60.01099999999993","60.01099999999993","60.01099999999993"
"544","60.499999999999936","60.499999999999936","60.499999999999936"
"545","60.078999999999944","60.078999999999944","60.078999999999944"
"546","59.15999999999994","59.15999999999994","59.15999999999994"
"547","58.46999999999994","58.46999999999994","58.46999999999994"
"548","57.614999999999945","57.614999999999945","57.614999999999945"
"549","56.76099999999994","56.76099999999994","56.76099999999994"
"550","58.77699999999994","58.77699999999994","58.77699999999994"
"551","59.486999999999924","59.486999999999924","59.486999999999924"
"552","59.74699999999994","59.74699999999994","59.74699999999994"
"553","60.74299999999994","60.74299999999994","60.74299999999994"
"554","60.265999999999934","60.265999999999934","60.265999999999934"
"555","58.94099999999994","58.94099999999994","58.94099999999994"
"556","59.05599999999994","59.05599999999994","59.05599999999994"
"557","58.75299999999993","58.75299999999993","58.75299999999993"
"558","56.83999999999994","56.83999999999994","56.83999999999994"
"559","57.17299999999994","57.17299999999994","57.17299999999994"
"560","56.38299999999994","56.38299999999994","56.38299999999994"
"561","56.99399999999995","56.99399999999995","56.99399999999995"
"562","55.97599999999995","55.97599999999995","55.97599999999995"
"563","53.57299999999994","53.57299999999994","53.57299999999994"
"564","53.00099999999994","53.00099999999994","53.00099999999994"
"565","53.23599999999994","53.23599999999994","53.23599999999994"
"566","51.65599999999994","51.65599999999994","51.65599999999994"
"567","53.704999999999934","53.704999999999934","53.704999999999934"
"568","58.66099999999994","58.66099999999994","58.66099999999994"
"569","59.09799999999995","59.09799999999995","59.09799999999995"
"570","59.813999999999936","59.813999999999936","59.813999999999936"
"571","59.67399999999995","59.67399999999995","59.67399999999995"
"572","58.94199999999995","58.94199999999995","58.94199999999995"
"573","57.60399999999994","57.60399999999994","57.60399999999994"
"574","56.746999999999936","56.746999999999936","56.746999999999936"
"575","56.257999999999946","56.257999999999946","56.257999999999946"
"576","57.65699999999993","57.65699999999993","57.65699999999993"
"577","57.425999999999924","57.425999999999924","57.425999999999924"
"578","57.26099999999994","57.26099999999994","57.26099999999994"
"579","57.377999999999936","57.377999999999936","57.377999999999936"
"580","56.96099999999994","56.96099999999994","56.96099999999994"
"581","57.15199999999995","57.15199999999995","57.15199999999995"
"582","57.17099999999994","57.17099999999994","57.17099999999994"
"583","55.824999999999946","55.824999999999946","55.824999999999946"
"584","55.52699999999994","55.52699999999994","55.52699999999994"
"585","55.621999999999936","55.621999999999936","55.621999999999936"
"586","55.29399999999994","55.29399999999994","55.29399999999994"
"587","56.33899999999992","56.33899999999992","56.33899999999992"
"588","55.97699999999993","55.97699999999993","55.97699999999993"
"589","54.711999999999925","54.711999999999925","54.711999999999925"
"590","55.250999999999934","55.250999999999934","55.250999999999934"
"591","53.41399999999995","53.41399999999995","53.41399999999995"
"592","52.92799999999994","52.92799999999994","52.92799999999994"
"593","54.093999999999944","54.093999999999944","54.093999999999944"
"594","53.27099999999993","53.27099999999993","53.27099999999993"
"595","52.67299999999994","52.67299999999994","52.67299999999994"
"596","53.81299999999992","53.81299999999992","53.81299999999992"
"597","55.29999999999993","55.29999999999993","55.29999999999993"
"598","55.35299999999994","55.35299999999994","55.35299999999994"
"599","55.76099999999993","55.76099999999993","55.76099999999993"
"600","58.61699999999994","58.61699999999994","58.61699999999994"
"601","57.689999999999934","57.689999999999934","57.689999999999934"
"602","58.50799999999994","58.50799999999994","58.50799999999994"
"603","57.966999999999956","57.966999999999956","57.966999999999956"
"604","57.52699999999995","57.52699999999995","57.52699999999995"
"605","57.47499999999994","57.47499999999994","57.47499999999994"
"606","57.021999999999935","57.021999999999935","57.021999999999935"
"607","55.30199999999993","55.30199999999993","55.30199999999993"
"608","55.82699999999993","55.82699999999993","55.82699999999993"
"609","55.37599999999994","55.37599999999994","55.37599999999994"
"610","54.00099999999994","54.00099999999994","54.00099999999994"
"611","54.51299999999993","54.51299999999993","54.51299999999993"
"612","56.74399999999995","56.74399999999995","56.74399999999995"
"613","56.544999999999945","56.544999999999945","56.544999999999945"
"614","57.109999999999935","57.109999999999935","57.109999999999935"
"615","58.05099999999995","58.05099999999995","58.05099999999995"
"616","56.07799999999994","56.07799999999994","56.07799999999994"
"617","56.364999999999945","56.364999999999945","56.364999999999945"
"618","57.44699999999995","57.44699999999995","57.44699999999995"
"619","56.85599999999994","56.85599999999994","56.85599999999994"
"620","56.94299999999994","56.94299999999994","56.94299999999994"
"621","58.67899999999993","58.67899999999993","58.67899999999993"
"622","58.38899999999993","58.38899999999993","58.38899999999993"
"623","55.95799999999993","55.95799999999993","55.95799999999993"
"624","55.78999999999993","55.78999999999993","55.78999999999993"
"625","56.324999999999946","56.324999999999946","56.324999999999946"
"626","57.12899999999994","57.12899999999994","57.12899999999994"
"627","57.48199999999995","57.48199999999995","57.48199999999995"
"628","59.12399999999994","59.12399999999994","59.12399999999994"
"629","59.06199999999994","59.06199999999994","59.06199999999994"
"630","59.66599999999994","59.66599999999994","59.66599999999994"
"631","57.46899999999993","57.46899999999993","57.46899999999993"
"632","56.99599999999995","56.99599999999995","56.99599999999995"
"633","56.39599999999993","56.39599999999993","56.39599999999993"
"634","56.033999999999935","56.033999999999935","56.033999999999935"
"635","56.09599999999992","56.09599999999992","56.09599999999992"
"636","55.683999999999926","55.683999999999926","55.683999999999926"
"637","56.131999999999955","56.131999999999955","56.131999999999955"
"638","55.032999999999944","55.032999999999944","55.032999999999944"
"639","55.349999999999945","55.349999999999945","55.349999999999945"
"640","55.63899999999994","55.63899999999994","55.63899999999994"
"641","56.31399999999994","56.31399999999994","56.31399999999994"
"642","58.47599999999994","58.47599999999994","58.47599999999994"
"643","60.84999999999995","60.84999999999995","60.84999999999995"
"644","58.82199999999993","58.82199999999993","58.82199999999993"
"645","58.03599999999994","58.03599999999994","58.03599999999994"
"646","59.127999999999936","59.127999999999936","59.127999999999936"
"647","57.13399999999994","57.13399999999994","57.13399999999994"
"648","55.472999999999935","55.472999999999935","55.472999999999935"
"649","54.746999999999936","54.746999999999936","54.746999999999936"
"650","56.676999999999936","56.676999999999936","56.676999999999936"
"651","55.84699999999994","55.84699999999994","55.84699999999994"
"652","56.61599999999993","56.61599999999993","56.61599999999993"
"653","57.50199999999993","57.50199999999993","57.50199999999993"
"654","57.75599999999993","57.75599999999993","57.75599999999993"
"655","55.30399999999993","55.30399999999993","55.30399999999993"
"656","55.90099999999994","55.90099999999994","55.90099999999994"
"657","55.38699999999994","55.38699999999994","55.38699999999994"
"658","54.54199999999994","54.54199999999994","54.54199999999994"
"659","54.49499999999995","54.49499999999995","54.49499999999995"
"660","55.26099999999993","55.26099999999993","55.26099999999993"
"661","56.46799999999994","56.46799999999994","56.46799999999994"
"662","57.65899999999994","57.65899999999994","57.65899999999994"
"663","58.33199999999994","58.33199999999994","58.33199999999994"
"664","58.07599999999993","58.07599999999993","58.07599999999993"
"665","58.76399999999994","58.76399999999994","58.76399999999994"
"666","57.12499999999994","57.12499999999994","57.12499999999994"
"667","58.00199999999993","58.00199999999993","58.00199999999993"
"668","58.46599999999994","58.46599999999994","58.46599999999994"
"669","58.68499999999994","58.68499999999994","58.68499999999994"
"670","59.95499999999995","59.95499999999995","59.95499999999995"
"671","59.76399999999994","59.76399999999994","59.76399999999994"
"672","59.46199999999993","59.46199999999993","59.46199999999993"
"673","60.032999999999944","60.032999999999944","60.032999999999944"
"674","60.362999999999936","60.362999999999936","60.362999999999936"
"675","61.06599999999994","61.06599999999994","61.06599999999994"
"676","62.17099999999995","62.17099999999995","62.17099999999995"
"677","61.111999999999945","61.111999999999945","61.111999999999945"
"678","59.51299999999994","59.51299999999994","59.51299999999994"
"679","59.055999999999955","59.055999999999955","59.055999999999955"
"680","58.55499999999994","58.55499999999994","58.55499999999994"
"681","57.72599999999994","57.72599999999994","57.72599999999994"
"682","57.84499999999993","57.84499999999993","57.84499999999993"
"683","58.378999999999934","58.378999999999934","58.378999999999934"
"684","58.19999999999994","58.19999999999994","58.19999999999994"
"685","57.811999999999934","57.811999999999934","57.811999999999934"
"686","58.06299999999994","58.06299999999994","58.06299999999994"
"687","58.83899999999994","58.83899999999994","58.83899999999994"
"688","58.50899999999994","58.50899999999994","58.50899999999994"
"689","57.759999999999955","57.759999999999955","57.759999999999955"
"690","59.21899999999993","59.21899999999993","59.21899999999993"
"691","58.143999999999934","58.143999999999934","58.143999999999934"
"692","58.16899999999994","58.16899999999994","58.16899999999994"
"693","59.431999999999945","59.431999999999945","59.431999999999945"
"694","58.30899999999994","58.30899999999994","58.30899999999994"
"695","56.54899999999994","56.54899999999994","56.54899999999994"
"696","57.74099999999994","57.74099999999994","57.74099999999994"
"697","57.66499999999994","57.66499999999994","57.66499999999994"
"698","56.71599999999994","56.71599999999994","56.71599999999994"
"699","57.509999999999934","57.509999999999934","57.509999999999934"
"700","60.14999999999995","60.14999999999995","60.14999999999995"
"701","60.087999999999944","60.087999999999944","60.087999999999944"
"702","61.27699999999992","61.27699999999992","61.27699999999992"
"703","60.849999999999945","60.849999999999945","60.849999999999945"
"704","60.64199999999995","60.64199999999995","60.64199999999995"
"705","58.13199999999994","58.13199999999994","58.13199999999994"
"706","58.65399999999993","58.65399999999993","58.65399999999993"
"707","57.58399999999993","57.58399999999993","57.58399999999993"
"708","57.968999999999944","57.968999999999944","57.968999999999944"
"709","58.41299999999994","58.41299999999994","58.41299999999994"
"710","59.69399999999996","59.69399999999996","59.69399999999996"
"711","60.55099999999994","60.55099999999994","60.55099999999994"
"712","60.30599999999994","60.30599999999994","60.30599999999994"
"713","59.31799999999994","59.31799999999994","59.31799999999994"
"714","59.00399999999995","59.00399999999995","59.00399999999995"
"715","59.894999999999946","59.894999999999946","59.894999999999946"
"716","58.033999999999935","58.033999999999935","58.033999999999935"
"717","59.107999999999926","59.107999999999926","59.107999999999926"
"718","59.34799999999993","59.34799999999993","59.34799999999993"
"719","57.85999999999996","57.85999999999996","57.85999999999996"
"720","57.561999999999934","57.561999999999934","57.561999999999934"
"721","57.79799999999994","57.79799999999994","57.79799999999994"
"722","56.43099999999994","56.43099999999994","56.43099999999994"
"723","56.58199999999995","56.58199999999995","56.58199999999995"
"724","57.61099999999995","57.61099999999995","57.61099999999995"
"725","58.94399999999995","58.94399999999995","58.94399999999995"
"726","59.979999999999926","59.979999999999926","59.979999999999926"
"727","59.68899999999994","59.68899999999994","59.68899999999994"
"728","58.88099999999995","58.88099999999995","58.88099999999995"
"729","57.50999999999995","57.50999999999995","57.50999999999995"
"730","56.579999999999934","56.579999999999934","56.579999999999934"
"731","53.28799999999994","53.28799999999994","53.28799999999994"
"732","53.093999999999944","53.093999999999944","53.093999999999944"
"733","52.27699999999995","52.27699999999995","52.27699999999995"
"734","51.63799999999993","51.63799999999993","51.63799999999993"
"735","51.76899999999995","51.76899999999995","51.76899999999995"
"736","54.35599999999994","54.35599999999994","54.35599999999994"
"737","57.427999999999955","57.427999999999955","57.427999999999955"
"738","57.124999999999936","57.124999999999936","57.124999999999936"
"739","58.66699999999995","58.66699999999995","58.66699999999995"
"740","59.03699999999996","59.03699999999996","59.03699999999996"
"741","58.41499999999996","58.41499999999996","58.41499999999996"
"742","57.67599999999995","57.67599999999995","57.67599999999995"
"743","59.19099999999994","59.19099999999994","59.19099999999994"
"744","58.094999999999956","58.094999999999956","58.094999999999956"
"745","58.56599999999994","58.56599999999994","58.56599999999994"
"746","59.47499999999995","59.47499999999995","59.47499999999995"
"747","58.48499999999994","58.48499999999994","58.48499999999994"
"748","58.62999999999995","58.62999999999995","58.62999999999995"
"749","58.941999999999936","58.941999999999936","58.941999999999936"
"750","59.61299999999995","59.61299999999995","59.61299999999995"
"751","59.79099999999995","59.79099999999995","59.79099999999995"
"752","60.60699999999994","60.60699999999994","60.60699999999994"
"753","61.75899999999993","61.75899999999993","61.75899999999993"
"754","61.272999999999946","61.272999999999946","61.272999999999946"
"755","58.76799999999994","58.76799999999994","58.76799999999994"
"756","59.64399999999995","59.64399999999995","59.64399999999995"
"757","59.06699999999994","59.06699999999994","59.06699999999994"
"758","57.47599999999995","57.47599999999995","57.47599999999995"
"759","57.34199999999994","57.34199999999994","57.34199999999994"
"760","59.05899999999995","59.05899999999995","59.05899999999995"
"761","59.422999999999945","59.422999999999945","59.422999999999945"
"762","60.772999999999946","60.772999999999946","60.772999999999946"
"763","59.43499999999995","59.43499999999995","59.43499999999995"
"764","58.87899999999995","58.87899999999995","58.87899999999995"
"765","58.23599999999995","58.23599999999995","58.23599999999995"
"766","56.25099999999995","56.25099999999995","56.25099999999995"
"767","56.83799999999996","56.83799999999996","56.83799999999996"
"768","57.951999999999956","57.951999999999956","57.951999999999956"
"769","58.581999999999944","58.581999999999944","58.581999999999944"
"770","60.132999999999946","60.132999999999946","60.132999999999946"
"771","59.51599999999994","59.51599999999994","59.51599999999994"
"772","58.608999999999945","58.608999999999945","58.608999999999945"
"773","58.89399999999994","58.89399999999994","58.89399999999994"
"774","58.812999999999946","58.812999999999946","58.812999999999946"
"775","59.93299999999996","59.93299999999996","59.93299999999996"
"776","61.23199999999995","61.23199999999995","61.23199999999995"
"777","63.02599999999996","63.02599999999996","63.02599999999996"
"778","63.477999999999945","63.477999999999945","63.477999999999945"
"779","62.14399999999995","62.14399999999995","62.14399999999995"
"780","61.54899999999995","61.54899999999995","61.54899999999995"
"781","60.78899999999996","60.78899999999996","60.78899999999996"
"782","59.83099999999994","59.83099999999994","59.83099999999994"
"783","58.60699999999994","58.60699999999994","58.60699999999994"
"784","59.349999999999945","59.349999999999945","59.349999999999945"
"785","58.876999999999946","58.876999999999946","58.876999999999946"
"786","58.29799999999994","58.29799999999994","58.29799999999994"
"787","60.52499999999993","60.52499999999993","60.52499999999993"
"788","60.55199999999995","60.55199999999995","60.55199999999995"
"789","59.19899999999994","59.19899999999994","59.19899999999994"
"790","60.96499999999994","60.96499999999994","60.96499999999994"
"791","61.69799999999995","61.69799999999995","61.69799999999995"
"792","60.81199999999996","60.81199999999996","60.81199999999996"
"793","60.152999999999935","60.152999999999935","60.152999999999935"
"794","60.26399999999994","60.26399999999994","60.26399999999994"
"795","60.413999999999966","60.413999999999966","60.413999999999966"
"796","60.274999999999935","60.274999999999935","60.274999999999935"
"797","60.654999999999944","60.654999999999944","60.654999999999944"
"798","61.58899999999994","61.58899999999994","61.58899999999994"
"799","61.52099999999994","61.52099999999994","61.52099999999994"
"800","61.93699999999994","61.93699999999994","61.93699999999994"
"801","62.00399999999994","62.00399999999994","62.00399999999994"
"802","62.03599999999995","62.03599999999995","62.03599999999995"
"803","62.39899999999995","62.39899999999995","62.39899999999995"
"804","62.73799999999996","62.73799999999996","62.73799999999996"
"805","61.31799999999994","61.31799999999994","61.31799999999994"
"806","61.74899999999994","61.74899999999994","61.74899999999994"
"807","61.343999999999944","61.343999999999944","61.343999999999944"
"808","59.70599999999994","59.70599999999994","59.70599999999994"
"809","57.791999999999945","57.791999999999945","57.791999999999945"
"810","58.27299999999995","58.27299999999995","58.27299999999995"
"811","58.894999999999946","58.894999999999946","58.894999999999946"
"812","58.516999999999946","58.516999999999946","58.516999999999946"
"813","56.14799999999995","56.14799999999995","56.14799999999995"
"814","55.72599999999995","55.72599999999995","55.72599999999995"
"815","56.080999999999946","56.080999999999946","56.080999999999946"
"816","55.315999999999946","55.315999999999946","55.315999999999946"
"817","57.38799999999996","57.38799999999996","57.38799999999996"
"818","61.20799999999995","61.20799999999995","61.20799999999995"
"819","61.83999999999995","61.83999999999995","61.83999999999995"
"820","63.55899999999996","63.55899999999996","63.55899999999996"
"821","62.30899999999994","62.30899999999994","62.30899999999994"
"822","60.087999999999944","60.087999999999944","60.087999999999944"
"823","58.57299999999995","58.57299999999995","58.57299999999995"
"824","58.52599999999995","58.52599999999995","58.52599999999995"
"825","58.211999999999954","58.211999999999954","58.211999999999954"
"826","61.091999999999956","61.091999999999956","61.091999999999956"
"827","60.739999999999945","60.739999999999945","60.739999999999945"
"828","62.87299999999995","62.87299999999995","62.87299999999995"
"829","60.902999999999956","60.902999999999956","60.902999999999956"
"830","61.306999999999945","61.306999999999945","61.306999999999945"
"831","57.91399999999996","57.91399999999996","57.91399999999996"
"832","58.081999999999944","58.081999999999944","58.081999999999944"
"833","56.60299999999994","56.60299999999994","56.60299999999994"
"834","58.43499999999995","58.43499999999995","58.43499999999995"
"835","56.74799999999994","56.74799999999994","56.74799999999994"
"836","59.331999999999944","59.331999999999944","59.331999999999944"
"837","60.04199999999992","60.04199999999992","60.04199999999992"
"838","60.636999999999944","60.636999999999944","60.636999999999944"
"839","58.76999999999995","58.76999999999995","58.76999999999995"
"840","59.03999999999994","59.03999999999994","59.03999999999994"
"841","56.66899999999996","56.66899999999996","56.66899999999996"
"842","56.129999999999946","56.129999999999946","56.129999999999946"
"843","57.059999999999945","57.059999999999945","57.059999999999945"
"844","56.926999999999964","56.926999999999964","56.926999999999964"
"845","58.136999999999944","58.136999999999944","58.136999999999944"
"846","59.03699999999994","59.03699999999994","59.03699999999994"
"847","57.937999999999946","57.937999999999946","57.937999999999946"
"848","58.88799999999996","58.88799999999996","58.88799999999996"
"849","57.549999999999955","57.549999999999955","57.549999999999955"
"850","59.186999999999955","59.186999999999955","59.186999999999955"
"851","58.79599999999996","58.79599999999996","58.79599999999996"
"852","58.91099999999994","58.91099999999994","58.91099999999994"
"853","58.94799999999995","58.94799999999995","58.94799999999995"
"854","59.117999999999945","59.117999999999945","59.117999999999945"
"855","57.639999999999944","57.639999999999944","57.639999999999944"
"856","57.07799999999994","57.07799999999994","57.07799999999994"
"857","55.89999999999993","55.89999999999993","55.89999999999993"
"858","55.129999999999946","55.129999999999946","55.129999999999946"
"859","52.36699999999994","52.36699999999994","52.36699999999994"
"860","51.66599999999994","51.66599999999994","51.66599999999994"
"861","53.551999999999936","53.551999999999936","53.551999999999936"
"862","55.90799999999994","55.90799999999994","55.90799999999994"
"863","55.74699999999994","55.74699999999994","55.74699999999994"
"864","56.61799999999994","56.61799999999994","56.61799999999994"
"865","57.772999999999946","57.772999999999946","57.772999999999946"
"866","55.312999999999946","55.312999999999946","55.312999999999946"
"867","55.532999999999944","55.532999999999944","55.532999999999944"
"868","57.624999999999936","57.624999999999936","57.624999999999936"
"869","58.38199999999994","58.38199999999994","58.38199999999994"
"870","59.92099999999994","59.92099999999994","59.92099999999994"
"871","60.022999999999946","60.022999999999946","60.022999999999946"
"872","60.32999999999995","60.32999999999995","60.32999999999995"
"873","60.699999999999925","60.699999999999925","60.699999999999925"
"874","59.329999999999934","59.329999999999934","59.329999999999934"
"875","60.32999999999995","60.32999999999995","60.32999999999995"
"876","60.16099999999995","60.16099999999995","60.16099999999995"
"877","59.85399999999996","59.85399999999996","59.85399999999996"
"878","59.38699999999994","59.38699999999994","59.38699999999994"
"879","59.494999999999955","59.494999999999955","59.494999999999955"
"880","59.18899999999994","59.18899999999994","59.18899999999994"
"881","58.92799999999995","58.92799999999995","58.92799999999995"
"882","58.496999999999936","58.496999999999936","58.496999999999936"
"883","58.82899999999993","58.82899999999993","58.82899999999993"
"884","59.19799999999994","59.19799999999994","59.19799999999994"
"885","59.846999999999944","59.846999999999944","59.846999999999944"
"886","60.219999999999956","60.219999999999956","60.219999999999956"
"887","62.015999999999956","62.015999999999956","62.015999999999956"
"888","62.96899999999996","62.96899999999996","62.96899999999996"
"889","62.93499999999995","62.93499999999995","62.93499999999995"
"890","63.453999999999944","63.453999999999944","63.453999999999944"
"891","63.11099999999995","63.11099999999995","63.11099999999995"
"892","62.765999999999956","62.765999999999956","62.765999999999956"
"893","60.73799999999995","60.73799999999995","60.73799999999995"
"894","60.61899999999995","60.61899999999995","60.61899999999995"
"895","57.009999999999955","57.009999999999955","57.009999999999955"
"896","57.109999999999964","57.109999999999964","57.109999999999964"
"897","57.054999999999936","57.054999999999936","57.054999999999936"
"898","58.64399999999996","58.64399999999996","58.64399999999996"
"899","58.37399999999996","58.37399999999996","58.37399999999996"
"900","62.51699999999996","62.51699999999996","62.51699999999996"
"901","60.20499999999997","60.20499999999997","60.20499999999997"
"902","56.542999999999935","56.542999999999935","56.542999999999935"
"903","55.53399999999996","55.53399999999996","55.53399999999996"
"904","54.473999999999954","54.473999999999954","54.473999999999954"
"905","52.79399999999993","52.79399999999993","52.79399999999993"
"906","55.59599999999995","55.59599999999995","55.59599999999995"
"907","58.07799999999994","58.07799999999994","58.07799999999994"
"908","58.79799999999993","58.79799999999993","58.79799999999993"
"909","59.75699999999994","59.75699999999994","59.75699999999994"
"910","60.33999999999994","60.33999999999994","60.33999999999994"
"911","60.79699999999994","60.79699999999994","60.79699999999994"
"912","62.82899999999995","62.82899999999995","62.82899999999995"
"913","62.25599999999995","62.25599999999995","62.25599999999995"
"914","62.716999999999956","62.716999999999956","62.716999999999956"
"915","64.42399999999996","64.42399999999996","64.42399999999996"
"916","62.78299999999996","62.78299999999996","62.78299999999996"
"917","61.847999999999956","61.847999999999956","61.847999999999956"
"918","62.41099999999996","62.41099999999996","62.41099999999996"
"919","62.157999999999944","62.157999999999944","62.157999999999944"
"920","61.28299999999996","61.28299999999996","61.28299999999996"
"921","61.91999999999995","61.91999999999995","61.91999999999995"
"922","62.42199999999996","62.42199999999996","62.42199999999996"
"923","62.67199999999996","62.67199999999996","62.67199999999996"
"924","62.19599999999994","62.19599999999994","62.19599999999994"
"925","63.108999999999945","63.108999999999945","63.108999999999945"
"926","63.22199999999995","63.22199999999995","63.22199999999995"
"927","63.33899999999995","63.33899999999995","63.33899999999995"
"928","63.06699999999994","63.06699999999994","63.06699999999994"
"929","62.47599999999995","62.47599999999995","62.47599999999995"
"930","62.114999999999945","62.114999999999945","62.114999999999945"
"931","60.96199999999995","60.96199999999995","60.96199999999995"
"932","59.534999999999926","59.534999999999926","59.534999999999926"
"933","57.23099999999995","57.23099999999995","57.23099999999995"
"934","56.81999999999994","56.81999999999994","56.81999999999994"
"935","57.541999999999945","57.541999999999945","57.541999999999945"
"936","57.306999999999945","57.306999999999945","57.306999999999945"
"937","59.71899999999995","59.71899999999995","59.71899999999995"
"938","61.47799999999993","61.47799999999993","61.47799999999993"
"939","61.611999999999945","61.611999999999945","61.611999999999945"
"940","63.22799999999996","63.22799999999996","63.22799999999996"
"941","63.303999999999945","63.303999999999945","63.303999999999945"
"942","62.469999999999956","62.469999999999956","62.469999999999956"
"943","63.29599999999995","63.29599999999995","63.29599999999995"
"944","62.02799999999995","62.02799999999995","62.02799999999995"
"945","60.90399999999994","60.90399999999994","60.90399999999994"
"946","61.37399999999993","61.37399999999993","61.37399999999993"
"947","60.089999999999954","60.089999999999954","60.089999999999954"
"948","58.86399999999994","58.86399999999994","58.86399999999994"
"949","57.903999999999954","57.903999999999954","57.903999999999954"
"950","58.434999999999945","58.434999999999945","58.434999999999945"
"951","55.11399999999995","55.11399999999995","55.11399999999995"
"952","56.419999999999945","56.419999999999945","56.419999999999945"
"953","57.27499999999995","57.27499999999995","57.27499999999995"
"954","56.47299999999995","56.47299999999995","56.47299999999995"
"955","55.27399999999993","55.27399999999993","55.27399999999993"
"956","58.027999999999956","58.027999999999956","58.027999999999956"
"957","57.24299999999994","57.24299999999994","57.24299999999994"
"958","56.19399999999994","56.19399999999994","56.19399999999994"
"959","57.97199999999996","57.97199999999996","57.97199999999996"
"960","57.95399999999993","57.95399999999993","57.95399999999993"
"961","57.940999999999946","57.940999999999946","57.940999999999946"
"962","60.05699999999995","60.05699999999995","60.05699999999995"
"963","60.687999999999946","60.687999999999946","60.687999999999946"
"964","60.29899999999994","60.29899999999994","60.29899999999994"
"965","60.879999999999946","60.879999999999946","60.879999999999946"
"966","58.19299999999994","58.19299999999994","58.19299999999994"
"967","58.09899999999994","58.09899999999994","58.09899999999994"
"968","58.56899999999994","58.56899999999994","58.56899999999994"
"969","57.72999999999995","57.72999999999995","57.72999999999995"
"970","58.64199999999996","58.64199999999996","58.64199999999996"
"971","60.50299999999995","60.50299999999995","60.50299999999995"
"972","61.02399999999995","61.02399999999995","61.02399999999995"
"973","61.35799999999995","61.35799999999995","61.35799999999995"
"974","61.68899999999994","61.68899999999994","61.68899999999994"
"975","62.85699999999995","62.85699999999995","62.85699999999995"
"976","64.50499999999995","64.50499999999995","64.50499999999995"
"977","62.98899999999996","62.98899999999996","62.98899999999996"
"978","62.86099999999996","62.86099999999996","62.86099999999996"
"979","61.28599999999994","61.28599999999994","61.28599999999994"
"980","59.28799999999995","59.28799999999995","59.28799999999995"
"981","56.55099999999994","56.55099999999994","56.55099999999994"
"982","55.863999999999926","55.863999999999926","55.863999999999926"
"983","53.510999999999925","53.510999999999925","53.510999999999925"
"984","53.87899999999994","53.87899999999994","53.87899999999994"
"985","54.45199999999994","54.45199999999994","54.45199999999994"
"986","55.42499999999993","55.42499999999993","55.42499999999993"
"987","58.28999999999996","58.28999999999996","58.28999999999996"
"988","60.18799999999996","60.18799999999996","60.18799999999996"
"989","60.02699999999995","60.02699999999995","60.02699999999995"
"990","60.849999999999945","60.849999999999945","60.849999999999945"
"991","59.66799999999996","59.66799999999996","59.66799999999996"
"992","58.222999999999956","58.222999999999956","58.222999999999956"
"993","56.78199999999997","56.78199999999997","56.78199999999997"
"994","54.991999999999955","54.991999999999955","54.991999999999955"
"995","55.46399999999995","55.46399999999995","55.46399999999995"
"996","56.651999999999944","56.651999999999944","56.651999999999944"
"997","57.16199999999994","57.16199999999994","57.16199999999994"
"998","60.07599999999994","60.07599999999994","60.07599999999994"
"999","60.059999999999945","60.059999999999945","60.059999999999945"
"1000","58.792999999999935","58.792999999999935","58.792999999999935"
"1001","57.37099999999995","57.37099999999995","57.37099999999995"
"1002","56.10599999999995","56.10599999999995","56.10599999999995"
"1003","53.184999999999945","53.184999999999945","53.184999999999945"
"1004","51.41099999999994","51.41099999999994","51.41099999999994"
"1005","50.776999999999944","50.776999999999944","50.776999999999944"
"1006","51.20199999999994","51.20199999999994","51.20199999999994"
"1007","52.42099999999994","52.42099999999994","52.42099999999994"
"1008","53.30099999999994","53.30099999999994","53.30099999999994"
"1009","53.89299999999994","53.89299999999994","53.89299999999994"
"1010","54.239999999999945","54.239999999999945","54.239999999999945"
"1011","56.06699999999994","56.06699999999994","56.06699999999994"
"1012","55.52899999999993","55.52899999999993","55.52899999999993"
"1013","56.977999999999945","56.977999999999945","56.977999999999945"
"1014","58.736999999999945","58.736999999999945","58.736999999999945"
"1015","60.51999999999994","60.51999999999994","60.51999999999994"
"1016","58.632999999999946","58.632999999999946","58.632999999999946"
"1017","61.15899999999995","61.15899999999995","61.15899999999995"
"1018","61.60699999999995","61.60699999999995","61.60699999999995"
"1019","60.983999999999945","60.983999999999945","60.983999999999945"
"1020","61.56499999999995","61.56499999999995","61.56499999999995"
"1021","61.80499999999994","61.80499999999994","61.80499999999994"
"1022","61.242999999999945","61.242999999999945","61.242999999999945"
"1023","61.204999999999934","61.204999999999934","61.204999999999934"
"1024","61.529999999999944","61.529999999999944","61.529999999999944"
"1025","62.08199999999995","62.08199999999995","62.08199999999995"
"1026","63.386999999999944","63.386999999999944","63.386999999999944"
"1027","63.737999999999964","63.737999999999964","63.737999999999964"
"1028","60.01899999999996","60.01899999999996","60.01899999999996"
"1029","58.66399999999996","58.66399999999996","58.66399999999996"
"1030","57.15199999999995","57.15199999999995","57.15199999999995"
"1031","55.27199999999996","55.27199999999996","55.27199999999996"
"1032","55.55099999999995","55.55099999999995","55.55099999999995"
"1033","56.710999999999956","56.710999999999956","56.710999999999956"
"1034","54.34099999999995","54.34099999999995","54.34099999999995"
"1035","55.22699999999993","55.22699999999993","55.22699999999993"
"1036","55.03799999999995","55.03799999999995","55.03799999999995"
"1037","55.92399999999995","55.92399999999995","55.92399999999995"
"1038","57.26399999999995","57.26399999999995","57.26399999999995"
"1039","58.95799999999995","58.95799999999995","58.95799999999995"
"1040","59.38099999999995","59.38099999999995","59.38099999999995"
"1041","58.044999999999945","58.044999999999945","58.044999999999945"
"1042","58.02599999999994","58.02599999999994","58.02599999999994"
"1043","59.196999999999946","59.196999999999946","59.196999999999946"
"1044","59.32899999999995","59.32899999999995","59.32899999999995"
"1045","54.617999999999945","54.617999999999945","54.617999999999945"
"1046","55.03399999999994","55.03399999999994","55.03399999999994"
"1047","53.32399999999994","53.32399999999994","53.32399999999994"
"1048","49.261999999999944","49.261999999999944","49.261999999999944"
"1049","47.93099999999995","47.93099999999995","47.93099999999995"
"1050","51.72899999999996","51.72899999999996","51.72899999999996"
"1051","50.787999999999954","50.787999999999954","50.787999999999954"
"1052","51.952999999999946","51.952999999999946","51.952999999999946"
"1053","53.442999999999955","53.442999999999955","53.442999999999955"
"1054","54.77599999999996","54.77599999999996","54.77599999999996"
"1055","55.82099999999995","55.82099999999995","55.82099999999995"
"1056","56.77799999999995","56.77799999999995","56.77799999999995"
"1057","57.55699999999993","57.55699999999993","57.55699999999993"
"1058","58.46799999999995","58.46799999999995","58.46799999999995"
"1059","58.12799999999995","58.12799999999995","58.12799999999995"
"1060","55.32599999999994","55.32599999999994","55.32599999999994"
"1061","55.760999999999946","55.760999999999946","55.760999999999946"
"1062","57.514999999999944","57.514999999999944","57.514999999999944"
"1063","57.821999999999925","57.821999999999925","57.821999999999925"
"1064","57.59199999999994","57.59199999999994","57.59199999999994"
"1065","61.54999999999996","61.54999999999996","61.54999999999996"
"1066","61.451999999999956","61.451999999999956","61.451999999999956"
"1067","61.75699999999994","61.75699999999994","61.75699999999994"
"1068","61.622999999999955","61.622999999999955","61.622999999999955"
"1069","61.51299999999994","61.51299999999994","61.51299999999994"
"1070","61.40499999999995","61.40499999999995","61.40499999999995"
"1071","61.39399999999996","61.39399999999996","61.39399999999996"
"1072","61.85799999999994","61.85799999999994","61.85799999999994"
"1073","61.98599999999995","61.98599999999995","61.98599999999995"
"1074","61.09499999999994","61.09499999999994","61.09499999999994"
"1075","61.94499999999996","61.94499999999996","61.94499999999996"
"1076","61.69399999999995","61.69399999999995","61.69399999999995"
"1077","61.392999999999944","61.392999999999944","61.392999999999944"
"1078","62.97799999999996","62.97799999999996","62.97799999999996"
"1079","61.16799999999996","61.16799999999996","61.16799999999996"
"1080","60.39299999999994","60.39299999999994","60.39299999999994"
"1081","58.55899999999996","58.55899999999996","58.55899999999996"
"1082","59.00699999999994","59.00699999999994","59.00699999999994"
"1083","57.48399999999995","57.48399999999995","57.48399999999995"
"1084","57.02699999999995","57.02699999999995","57.02699999999995"
"1085","56.501999999999946","56.501999999999946","56.501999999999946"
"1086","55.434999999999945","55.434999999999945","55.434999999999945"
"1087","54.651999999999944","54.651999999999944","54.651999999999944"
"1088","54.18899999999995","54.18899999999995","54.18899999999995"
"1089","56.152999999999956","56.152999999999956","56.152999999999956"
"1090","58.17999999999996","58.17999999999996","58.17999999999996"
"1091","60.43599999999996","60.43599999999996","60.43599999999996"
"1092","61.74599999999995","61.74599999999995","61.74599999999995"
"1093","63.11699999999996","63.11699999999996","63.11699999999996"
"1094","64.23199999999994","64.23199999999994","64.23199999999994"
"1095","64.18899999999995","64.18899999999995","64.18899999999995"
"1096","63.28699999999994","63.28699999999994","63.28699999999994"
"1097","64.53399999999996","64.53399999999996","64.53399999999996"
"1098","64.14099999999996","64.14099999999996","64.14099999999996"
"1099","61.48799999999995","61.48799999999995","61.48799999999995"
"1100","60.72899999999997","60.72899999999997","60.72899999999997"
"1101","58.547999999999966","58.547999999999966","58.547999999999966"
"1102","57.85199999999996","57.85199999999996","57.85199999999996"
"1103","56.45999999999995","56.45999999999995","56.45999999999995"
"1104","59.60999999999996","59.60999999999996","59.60999999999996"
"1105","57.07199999999995","57.07199999999995","57.07199999999995"
"1106","59.59999999999995","59.59999999999995","59.59999999999995"
"1107","54.86899999999996","54.86899999999996","54.86899999999996"
"1108","53.66899999999994","53.66899999999994","53.66899999999994"
"1109","53.492999999999945","53.492999999999945","53.492999999999945"
"1110","54.54399999999994","54.54399999999994","54.54399999999994"
"1111","54.95099999999995","54.95099999999995","54.95099999999995"
"1112","62.74299999999994","62.74299999999994","62.74299999999994"
"1113","63.43399999999995","63.43399999999995","63.43399999999995"
"1114","63.77199999999994","63.77199999999994","63.77199999999994"
"1115","64.64799999999995","64.64799999999995","64.64799999999995"
"1116","63.64699999999996","63.64699999999996","63.64699999999996"
"1117","62.91399999999996","62.91399999999996","62.91399999999996"
"1118","63.66399999999996","63.66399999999996","63.66399999999996"
"1119","63.83899999999996","63.83899999999996","63.83899999999996"
"1120","63.42499999999996","63.42499999999996","63.42499999999996"
"1121","62.75599999999996","62.75599999999996","62.75599999999996"
"1122","63.578999999999944","63.578999999999944","63.578999999999944"
"1123","63.71999999999996","63.71999999999996","63.71999999999996"
"1124","63.39499999999995","63.39499999999995","63.39499999999995"
"1125","64.54999999999995","64.54999999999995","64.54999999999995"
"1126","65.55299999999997","65.55299999999997","65.55299999999997"
"1127","65.29999999999997","65.29999999999997","65.29999999999997"
"1128","65.64999999999996","65.64999999999996","65.64999999999996"
"1129","64.67399999999996","64.67399999999996","64.67399999999996"
"1130","64.11499999999995","64.11499999999995","64.11499999999995"
"1131","62.16099999999994","62.16099999999994","62.16099999999994"
"1132","61.918999999999954","61.918999999999954","61.918999999999954"
"1133","60.85399999999995","60.85399999999995","60.85399999999995"
"1134","60.04599999999994","60.04599999999994","60.04599999999994"
"1135","56.163999999999945","56.163999999999945","56.163999999999945"
"1136","57.60099999999995","57.60099999999995","57.60099999999995"
"1137","58.62799999999995","58.62799999999995","58.62799999999995"
"1138","56.95899999999996","56.95899999999996","56.95899999999996"
"1139","56.976999999999954","56.976999999999954","56.976999999999954"
"1140","61.07599999999996","61.07599999999996","61.07599999999996"
"1141","59.801999999999964","59.801999999999964","59.801999999999964"
"1142","58.31799999999994","58.31799999999994","58.31799999999994"
"1143","58.69599999999995","58.69599999999995","58.69599999999995"
"1144","57.71999999999994","57.71999999999994","57.71999999999994"
"1145","57.51299999999995","57.51299999999995","57.51299999999995"
"1146","58.95899999999995","58.95899999999995","58.95899999999995"
"1147","58.59899999999996","58.59899999999996","58.59899999999996"
"1148","57.44999999999995","57.44999999999995","57.44999999999995"
"1149","58.39999999999995","58.39999999999995","58.39999999999995"
"1150","59.68899999999997","59.68899999999997","59.68899999999997"
"1151","59.90699999999997","59.90699999999997","59.90699999999997"
"1152","59.871999999999964","59.871999999999964","59.871999999999964"
"1153","60.49599999999996","60.49599999999996","60.49599999999996"
"1154","60.16499999999994","60.16499999999994","60.16499999999994"
"1155","58.93399999999994","58.93399999999994","58.93399999999994"
"1156","60.81899999999995","60.81899999999995","60.81899999999995"
"1157","60.487999999999936","60.487999999999936","60.487999999999936"
"1158","59.69999999999995","59.69999999999995","59.69999999999995"
"1159","60.202999999999946","60.202999999999946","60.202999999999946"
"1160","59.87399999999993","59.87399999999993","59.87399999999993"
"1161","59.249999999999936","59.249999999999936","59.249999999999936"
"1162","61.71599999999993","61.71599999999993","61.71599999999993"
"1163","62.787999999999954","62.787999999999954","62.787999999999954"
"1164","63.13299999999995","63.13299999999995","63.13299999999995"
"1165","64.48599999999996","64.48599999999996","64.48599999999996"
"1166","64.80999999999996","64.80999999999996","64.80999999999996"
"1167","62.86699999999996","62.86699999999996","62.86699999999996"
"1168","64.43599999999996","64.43599999999996","64.43599999999996"
"1169","64.39099999999996","64.39099999999996","64.39099999999996"
"1170","64.09699999999998","64.09699999999998","64.09699999999998"
"1171","63.502999999999965","63.502999999999965","63.502999999999965"
"1172","63.85399999999996","63.85399999999996","63.85399999999996"
"1173","62.36899999999996","62.36899999999996","62.36899999999996"
"1174","61.330999999999946","61.330999999999946","61.330999999999946"
"1175","60.75099999999995","60.75099999999995","60.75099999999995"
"1176","60.63499999999995","60.63499999999995","60.63499999999995"
"1177","59.87699999999995","59.87699999999995","59.87699999999995"
"1178","58.51399999999997","58.51399999999997","58.51399999999997"
"1179","56.28399999999996","56.28399999999996","56.28399999999996"
"1180","56.437999999999946","56.437999999999946","56.437999999999946"
"1181","51.13799999999995","51.13799999999995","51.13799999999995"
"1182","48.69099999999994","48.69099999999994","48.69099999999994"
"1183","51.09099999999995","51.09099999999995","51.09099999999995"
"1184","51.76899999999995","51.76899999999995","51.76899999999995"
"1185","52.364999999999945","52.364999999999945","52.364999999999945"
"1186","59.72299999999995","59.72299999999995","59.72299999999995"
"1187","62.68199999999995","62.68199999999995","62.68199999999995"
"1188","61.95999999999995","61.95999999999995","61.95999999999995"
"1189","61.66999999999995","61.66999999999995","61.66999999999995"
"1190","62.99599999999996","62.99599999999996","62.99599999999996"
"1191","63.20799999999995","63.20799999999995","63.20799999999995"
"1192","61.34799999999996","61.34799999999996","61.34799999999996"
"1193","63.875999999999955","63.875999999999955","63.875999999999955"
"1194","63.10699999999995","63.10699999999995","63.10699999999995"
"1195","63.67999999999996","63.67999999999996","63.67999999999996"
"1196","64.97399999999998","64.97399999999998","64.97399999999998"
"1197","65.51899999999995","65.51899999999995","65.51899999999995"
"1198","63.70699999999997","63.70699999999997","63.70699999999997"
"1199","62.937999999999946","62.937999999999946","62.937999999999946"
"1200","62.90899999999996","62.90899999999996","62.90899999999996"
"1201","61.517999999999965","61.517999999999965","61.517999999999965"
"1202","61.476999999999954","61.476999999999954","61.476999999999954"
"1203","63.15299999999996","63.15299999999996","63.15299999999996"
"1204","63.202999999999946","63.202999999999946","63.202999999999946"
"1205","62.61399999999993","62.61399999999993","62.61399999999993"
"1206","62.940999999999946","62.940999999999946","62.940999999999946"
"1207","62.941999999999936","62.941999999999936","62.941999999999936"
"1208","61.844999999999956","61.844999999999956","61.844999999999956"
"1209","60.81999999999996","60.81999999999996","60.81999999999996"
"1210","59.653999999999954","59.653999999999954","59.653999999999954"
"1211","60.49399999999996","60.49399999999996","60.49399999999996"
"1212","60.86399999999995","60.86399999999995","60.86399999999995"
"1213","61.20099999999994","61.20099999999994","61.20099999999994"
"1214","62.63299999999995","62.63299999999995","62.63299999999995"
"1215","64.21999999999997","64.21999999999997","64.21999999999997"
"1216","63.78199999999997","63.78199999999997","63.78199999999997"
"1217","65.67999999999996","65.67999999999996","65.67999999999996"